Title,Date,Genre,orig_lang,Revenue($),Budget($),country,score
Rama Rama Kya Hai Drama,04-01-2008,comedy,Hindi,60000,1020,IND,44
Humne Jeena Seekh Liya,04-01-2008,comedy,Hindi,180000,9900,IND,87
Halla Bol,11-01-2008,social,Hindi,900000,680400,IND,30
Bombay to Bangkok,18-01-2008,"romance,drama,comedy",Hindi,2520000,54000,IND,50
Tulsi,18-01-2008,unknown,Hindi,12000,12900,IND,68
Sunday,25-01-2008,"action,comedy",Hindi,60000,2040,IND,36
Superstar,08-02-2008,drama,Hindi,18000,420,IND,31
Jodhaa Akbar,15-02-2008,"romance,history",Hindi,180000,9900,IND,90
Black and White,07-03-2008,"social,drama,history",Hindi,6240000,23349840,IND,27
Race,21-03-2008,"crime,thriller",Hindi,2160000,10509420,IND,33
One Two Three,28-03-2008,"drama,comedy",Hindi,4440000,6309420,IND,74
Shaurya,04-04-2008,drama,Hindi,3600000,12657600,IND,27
Krazzy 4,11-04-2008,comedy,Hindi,15840000,84297000,IND,20
U Me Aur Hum,11-04-2008,romance,Hindi,9240000,41892420,IND,73
Sirf,25-04-2008,"drama,romance",Hindi,14640000,73924350,IND,42
Tashan,25-04-2008,"action,romance",Hindi,3360000,11748960,IND,67
Mr. White Mr. Black,02-05-2008,comedy,Hindi,8520000,20756610,IND,53
Anamika,02-05-2008,thriller,Hindi,21000000,62925120,IND,40
Jimmy,09-05-2008,"crime,action,thriller,romance,drama",Hindi,66000,4200,IND,31
Bhoothnath,09-05-2008,"fantasy,drama,comedy",Hindi,78000,6900,IND,78
Jannat,16-05-2008,"drama,romance",Hindi,78000,48000,IND,85
Don Muthu Swami,23-05-2008,comedy,Hindi,210000,6300,IND,44
Woodstock Villa,30-05-2008,thriller,Hindi,150000,16500,IND,80
Aamir,06-06-2008,"drama,thriller",Hindi,480000,120000,IND,35
Sarkar Raj,06-06-2008,"crime,action,drama,thriller",Hindi,12000,3600,IND,26
Mere Baap Pehle Aap,13-06-2008,comedy,Hindi,108000,7200,IND,47
Summer 2007,13-06-2008,unknown,Hindi,18000,6000,IND,76
De Taali,20-06-2008,"romance,comedy",Hindi,1320000,2498400,IND,50
HaalÂ??eÂ??dil,20-06-2008,"drama,romance",Hindi,2520000,452400,IND,73
Thoda Pyaar Thoda Magic,27-06-2008,"fantasy,drama,romance",Hindi,1440000,1207440,IND,32
Thodi Life Thoda Magic,27-06-2008,drama,Hindi,600000,633600,IND,74
Via Darjeeling,27-06-2008,"mystery,drama,thriller",Hindi,2400000,4698000,IND,43
Jaane Tu... Ya Jaane Na,04-07-2008,romance,Hindi,390000,69600,IND,23
Love Story 2050,04-07-2008,"musical,drama,romance",Hindi,1200000,2341920,IND,93
Mehbooba,11-07-2008,romance,Hindi,420000,300000,IND,43
Kismat Konnection,18-07-2008,"romance,drama,comedy",Hindi,480000,277200,IND,27
Contract,18-07-2008,"spy,thriller",Hindi,210000,5100,IND,39
Mission Istaanbul,25-07-2008,adventure,Hindi,3000000,1615350,IND,24
Money Hai Toh Honey Hai,25-07-2008,"romance,drama,comedy",Hindi,540000,75600,IND,42
Ugly Aur Pagli,01-08-2008,comedy,Hindi,6600000,5827200,IND,88
Good Luck!,08-08-2008,unknown,Hindi,4080000,1545510,IND,61
Singh Is Kinng,08-08-2008,"crime,romance,action,comedy",Hindi,4680000,919845,IND,72
Bachna Ae Haseeno,15-08-2008,"romance,drama,comedy",Hindi,5160000,2167920,IND,97
God Tussi Great Ho,15-08-2008,"romance,comedy",Hindi,2640000,10040520,IND,79
Phoonk,22-08-2008,horror,Hindi,6600000,5948670,IND,96
Mumbai Meri Jaan,22-08-2008,unknown,Hindi,5760000,6261000,IND,91
Maan Gaye Mughal-e-Azam,22-08-2008,comedy,Hindi,1200000,3925200,IND,33
Rock On!!,29-08-2008,"musical,drama,romance",Hindi,3720000,6143280,IND,69
C Kkompany,29-08-2008,comedy,Hindi,1500000,7648860,IND,90
Chamku,29-08-2008,"musical,romance,thriller",Hindi,3240000,5823000,IND,85
Mukhbiir,29-08-2008,thriller,Hindi,4800000,10458210,IND,55
A Wednesday!,05-09-2008,"drama,thriller",Hindi,4080000,2763840,IND,53
Tahaan,05-09-2008,"adventure,drama",Hindi,12000,1680,IND,62
1920,12-09-2008,"mystery,horror,romance,thriller",Hindi,12000,192,IND,55
The Last Lear,12-09-2008,"biography,drama",Hindi,24000,4200,IND,59
Welcome to Sajjanpur,19-09-2008,"drama,comedy",Hindi,600000,98400,IND,82
Saas Bahu Aur Sensex,19-09-2008,comedy,Hindi,108000,870,IND,61
Hari Puttar: A Comedy of Terrors,26-09-2008,comedy,Hindi,900000,436800,IND,44
Kidnap,02-10-2008,"crime,thriller",Hindi,720000,86400,IND,72
Drona,02-10-2008,"fantasy,adventure,action",Hindi,510000,40800,IND,77
Hello,10-10-2008,"drama,romance",Hindi,870000,466800,IND,86
Karzzzz,17-10-2008,"action,romance",Hindi,1320000,141600,IND,92
Heroes,24-10-2008,drama,Hindi,660000,92400,IND,70
Roadside Romeo,24-10-2008,"family,animation,romance",Hindi,120000,13500,IND,30
Golmaal Returns,29-10-2008,comedy,Hindi,720000,720,IND,68
Fashion,29-10-2008,"drama,romance",Hindi,450000,445200,IND,71
EMI - Liya Hai Toh Chukana Parega,07-11-2008,"social,comedy",Hindi,270000,23700,IND,58
Ek Vivaah... Aisa Bhi,07-11-2008,drama,Hindi,1080000,1251600,IND,38
Dostana,14-11-2008,comedy,Hindi,540000,25200,IND,86
Dasvidaniya,14-11-2008,"romance,musical,drama,comedy",Hindi,8520000,4773900,IND,67
Deshdrohi,14-11-2008,politics,Hindi,3840000,4095600,IND,98
Yuvvraaj,21-11-2008,"family,musical,drama,romance",Hindi,1800000,13125600,IND,35
Oye Lucky! Lucky Oye!,28-11-2008,"drama,comedy",Hindi,3240000,4500240,IND,33
Sorry Bhai!,28-11-2008,romance,Hindi,960000,35216.256,IND,33
Maharathi,28-11-2008,thriller,Hindi,180000,2520,IND,75
Dil Kabaddi,05-12-2008,"romance,comedy",Hindi,24000,12600,IND,68
Meerabai Not Out,05-12-2008,drama,Hindi,18000,5700,IND,94
"Oh, My God",05-12-2008,comedy,Hindi,1080000,3364800,IND,51
Gumnaam Â?? The Mystery,05-12-2008,"mystery,thriller",Hindi,1200000,388800,IND,25
Rab Ne Bana Di Jodi,12-12-2008,romance,Hindi,660000,34200,IND,87
Wafaa,19-12-2008,"drama,romance",Hindi,690000,20400,IND,23
Ghajini,26-12-2008,"action,thriller,mystery,romance,drama",Hindi,450000,278400,IND,38
Jumbo,26-12-2008,animation,Hindi,480000,269760,IND,55
Chandni Chowk to China,16-01-2009,"action,comedy",Hindi,1200000,896160,IND,79
Aasma: The Sky Is the Limit,23-01-2009,drama,Hindi,720000,211560,IND,67
Raaz Â?? The Mystery Continues,23-01-2009,horror,Hindi,480000,670800,IND,27
Luck by Chance,30-01-2009,drama,Hindi,270000,190800,IND,54
Victory,30-01-2009,sport,Hindi,2760000,2343000,IND,67
Dev.D,06-02-2009,romance,Hindi,1440000,1593570,IND,75
Chal Chala Chal,06-02-2009,comedy,Hindi,1080000,412800,IND,91
Mere Khwabon Mein Jo Aaye,06-02-2009,"fantasy,musical,drama",Hindi,3000000,4802400,IND,75
Billu,13-02-2009,drama,Hindi,12360000,14897460,IND,29
The Stoneman Murders,13-02-2009,"crime,mystery,drama",Hindi,1140000,790470,IND,80
Delhi-6,20-02-2009,"drama,romance",Hindi,3840000,3516060,IND,47
Kisse Pyaar Karoon,27-02-2009,romance,Hindi,2640000,5197320,IND,62
13B,06-03-2009,horror,Hindi,8040000,16214970,IND,67
Dhoondte Reh Jaaoge,06-03-2009,comedy,Hindi,5520000,6122175,IND,56
Karma Aur Holi,06-03-2009,drama,Hindi,900000,621300,IND,54
Jai Veeru,13-03-2009,"action,comedy",Hindi,1680000,1241400,IND,81
Little Zizou,13-03-2009,comedy,Hindi,1500000,1249200,IND,29
Gulaal,13-03-2009,drama,Hindi,540000,190200,IND,31
Aloo Chaat,20-03-2009,"comedy,romantic",Hindi,3000000,612555,IND,42
Barah Aana,20-03-2009,drama,Hindi,3480000,4855200,IND,33
Firaaq,20-03-2009,political,Hindi,1620000,1378275,IND,40
Lottery,20-03-2009,comedy,Hindi,4200000,10221360,IND,95
Straight,20-03-2009,"comedy,romantic",Hindi,10800000,12141840,IND,88
Aa Dekhen Zara,27-03-2009,"action,thriller",Hindi,7440000,13251120,IND,67
99,27-03-2009,comedy,Hindi,11160000,10664610,IND,96
Ek: The Power of One,27-03-2009,"action,thriller",Hindi,1320000,2779800,IND,95
8 x 10 Tasveer,03-04-2009,"action,thriller",Hindi,8760000,10920900,IND,66
Ek Se Bure Do,10-04-2009,comedy,Hindi,4560000,2328360,IND,97
Pal Pal Dil Ke Saath,10-04-2009,drama,Hindi,6240000,3134850,IND,31
Coffee House,10-04-2009,drama,Hindi,3240000,2326800,IND,51
School Days,10-04-2009,unknown,Hindi,1800000,5607120,IND,65
Royal Utsav,10-04-2009,"historical,drama",Hindi,2640000,3835380,IND,77
Chowrasta Crossroads of Love,17-04-2009,drama,Hindi,4200000,9600960,IND,40
Meri Padosan,17-04-2009,comedy,Hindi,4920000,7413300,IND,22
Sikandar,22-04-2009,social,Hindi,6000000,20347620,IND,44
Sanam Teri Kasam,06-05-2009,"romance,comedy",Hindi,4920000,16956420,IND,34
Team - The Force,06-05-2009,action,Hindi,7920000,19159680,IND,54
Kal Kissne Dekha,12-06-2009,"comedy,social,drama,romance",Hindi,12600000,25988370,IND,82
Zor Lagaa Ke...Haiya!,12-06-2009,unknown,Hindi,17040000,37325400,IND,92
Let's Dance,19-06-2009,romance,Hindi,8160000,7895925,IND,81
Paying Guests,19-06-2009,comedy,Hindi,1560000,3974100,IND,27
New York,26-06-2009,"action,romance,thriller",Hindi,3120000,5089440,IND,69
Kambakkht Ishq,03-07-2009,"romance,action,comedy",Hindi,180000,9600,IND,61
Sankat City,10-07-2009,"dark,comedy",Hindi,30000,2040,IND,90
Shortkut,10-07-2009,comedy,Hindi,180000,6300,IND,88
Jashnn,17-07-2009,musical,Hindi,570000,27900,IND,74
Luck,24-07-2009,"action,thriller",Hindi,18000,1560,IND,96
Love Aaj Kal,31-07-2009,romance,Hindi,48000,2580,IND,29
Agyaat,07-08-2009,horror,Hindi,150000,26100,IND,50
Chal Chalein,07-08-2009,social,Hindi,1560000,982800,IND,37
Teree Sang,10-08-2009,drama,Hindi,660000,60000,IND,49
Kaminey,14-08-2009,drama,Hindi,180000,5100,IND,83
Life Partner,14-08-2009,"romance,comedy",Hindi,960000,67200,IND,87
Daddy Cool,28-08-2009,comedy,Hindi,10320000,21170640,IND,47
Kisaan,28-08-2009,social,Hindi,4920000,3264300,IND,61
Love Khichdi,28-08-2009,comedy,Hindi,5760000,14339700,IND,52
Quick Gun Murugun,28-08-2009,comedy,Hindi,6000000,14876100,IND,59
Toss,28-08-2009,thriller,Hindi,7320000,8522790,IND,79
Yeh Mera India,28-08-2009,social,Hindi,9600000,7670550,IND,34
"Three Â?? Love, Lies and Betrayal",03-09-2009,thriller,Hindi,8400000,10179360,IND,56
Aagey Se Right,04-09-2009,comedy,Hindi,7560000,11646480,IND,71
Chintu Ji,04-09-2009,comedy,Hindi,2160000,3981960,IND,93
Fox,04-09-2009,drama,Hindi,5400000,11941740,IND,48
Aamras,11-09-2009,drama,Hindi,9720000,12396360,IND,62
Baabarr,11-09-2009,action,Hindi,11640000,23392200,IND,97
Phir Kabhi,11-09-2009,drama,Hindi,13440000,14771400,IND,54
Vaada Raha,11-09-2009,romance,Hindi,2520000,416400,IND,38
Dil Bole Hadippa!,18-09-2009,"comedy,sport,romantic",Hindi,9480000,16297440,IND,55
Wanted,18-09-2009,"action,romance",Hindi,12000000,11005200,IND,51
Blue Oranges,18-09-2009,thriller,Hindi,4200000,2829600,IND,38
What's Your Raashee?,25-09-2009,"comedy,romantic",Hindi,6000000,12434880,IND,35
Do Knot Disturb,02-10-2009,"romance,comedy",Hindi,9000000,14981280,IND,20
Wake Up Sid,02-10-2009,"comedy,romantic",Hindi,2160000,8294400,IND,93
Acid Factory,09-10-2009,action,Hindi,7440000,6747150,IND,38
All The Best: Fun Begins,16-10-2009,comedy,Hindi,6000000,6724860,IND,59
Blue,16-10-2009,action,Hindi,9240000,23817300,IND,71
Main Aurr Mrs Khanna,16-10-2009,"drama,romance",Hindi,10920000,15046200,IND,51
Bal Ganesh 2,23-10-2009,animation,Hindi,2040000,6558210,IND,24
Fruit and Nut,23-10-2009,comedy,Hindi,3840000,8139030,IND,72
Love Ka Tadka,23-10-2009,"comedy,romantic",Hindi,3840000,9940530,IND,76
London Dreams,30-10-2009,"musical,drama,romance,social",Hindi,7200000,9822240,IND,79
Aladin,30-10-2009,fantasy,Hindi,4200000,7535040,IND,21
Ajab Prem Ki Ghazab Kahani,06-11-2009,"romance,comedy",Hindi,2040000,3283800,IND,60
Jail,06-11-2009,social,Hindi,3000000,1751430,IND,33
Tum Mile,13-11-2009,romance,Hindi,6480000,9652320,IND,62
Aao Wish Karein,13-11-2009,fantasy,Hindi,7800000,10267560,IND,88
Kurbaan,20-11-2009,"romance,thriller",Hindi,4320000,10072680,IND,77
Shaabash! You Can Do It,20-11-2009,"social,comedy,thriller",Hindi,5640000,13956420,IND,36
Marega Salaa,20-11-2009,action,Hindi,8640000,22608600,IND,78
De Dana Dan ,27-11-2009,comedy,Hindi,4200000,5552160,IND,47
Radio,03-12-2009,musical,Hindi,5640000,3853050,IND,63
Paa,04-12-2009,"family,drama",Hindi,9000000,24009600,IND,22
Rocket Singh: Salesman of the Year,11-12-2009,comedy,Hindi,9960000,21928110,IND,44
Raat Gayi Baat Gayi?,18-12-2009,drama,Hindi,1800000,2768730,IND,53
3 Idiots,25-12-2009,comedy,Hindi,1320000,938490,IND,29
Accident on Hill Road,31-12-2009,thriller,Hindi,3000000,14589300,IND,58
Dulha Mil Gaya,08-01-2010,"comedy,romantic",Hindi,3720000,6194400,IND,25
Pyaar Impossible!,08-01-2010,"comedy,romantic",Hindi,2400000,3189900,IND,74
Chance Pe Dance,15-01-2010,"romance,comedy",Hindi,1920000,5098350,IND,74
Hello! Hum Lallan Bol Rahe Hain,15-01-2010,comedy,Hindi,3720000,8569230,IND,85
The Waiting Room,15-01-2010,thriller,Hindi,6120000,5555325,IND,28
Veer,22-01-2010,"epic,film",Hindi,1200000,537600,IND,30
Ishqiya,29-01-2010,"crime,romance,comedy",Hindi,1020000,166800,IND,33
Rann,29-01-2010,drama,Hindi,2280000,4550400,IND,86
Road to Sangam,29-01-2010,drama,Hindi,2280000,2544450,IND,70
The Hangman,05-02-2010,drama,Hindi,120000,1920,IND,34
Striker,05-02-2010,action,Hindi,1920000,1588560,IND,48
My Name Is Khan,12-02-2010,drama,Hindi,960000,899640,IND,78
Sukhmani,12-02-2010,drama,Hindi,2880000,1606500,IND,75
Aakhari Decision,19-02-2010,action,Hindi,2400000,4348560,IND,63
Click,19-02-2010,horror,Hindi,1320000,2026380,IND,96
Toh Baat Pakki!,19-02-2010,comedy,Hindi,120000,34800,IND,33
Karthik Calling Karthik,26-02-2010,thriller,Hindi,90000,1680,IND,48
Teen Patti,26-02-2010,"drama,thriller",Hindi,24000,1680,IND,37
Atithi Tum Kab Jaoge?,05-03-2010,comedy,Hindi,930000,133200,IND,32
Hello Zindagi,05-03-2010,drama,Hindi,1440000,1610160,IND,69
"Road, Movie",05-03-2010,drama,Hindi,1320000,501600,IND,71
Rokkk,05-03-2010,thriller,Hindi,420000,29400,IND,89
Thanks Maa,05-03-2010,drama,Hindi,1140000,1371720,IND,34
Do Dilon Ke Khel Mein,12-03-2010,"comedy,romantic",Hindi,1260000,1338210,IND,44
Hide & Seek,12-03-2010,thriller,Hindi,2400000,7536525,IND,62
Na Ghar Ke Na Ghaat Ke,12-03-2010,comedy,Hindi,2040000,1577880,IND,87
Right Yaaa Wrong,12-03-2010,action,Hindi,5520000,16669650,IND,43
Trump Card,12-03-2010,"action,thriller",Hindi,30000,16500,IND,45
Idiot Box,19-03-2010,drama,Hindi,300000,12900,IND,81
Lahore,19-03-2010,"sport,social",Hindi,18000,4500,IND,51
Love Sex aur Dhokha,19-03-2010,"found,footage",Hindi,15000,3900,IND,61
Shaapit,19-03-2010,horror,Hindi,480000,7500,IND,35
Hum Tum Aur Ghost,26-03-2010,comedy,Hindi,330000,24600,IND,86
It's a Man's World,26-03-2010,social,Hindi,390000,51000,IND,63
Mittal v/s Mittal,26-03-2010,romance,Hindi,120000,4800,IND,29
My Friend Ganesha 3,26-03-2010,animation,Hindi,18000,9300,IND,40
Prem Kaa Game,26-03-2010,comedy,Hindi,12000,10200,IND,62
Well Done Abba,26-03-2010,social,Hindi,24000,14100,IND,24
Pankh,02-04-2010,social,Hindi,18000,9900,IND,73
Sadiyaan,02-04-2010,romance,Hindi,18000,15600,IND,41
Tum Milo Toh Sahi,02-04-2010,"social,drama",Hindi,300000,20400,IND,72
Jaane Kahan Se Aayi Hai,09-04-2010,"fantasy,romance,comedy",Hindi,96000,80400,IND,89
Prince - It's Showtime,09-04-2010,"action,thriller",Hindi,270000,14100,IND,36
The Japanese Wife,09-04-2010,romance,Hindi,1020000,160800,IND,25
Paathshaala,16-04-2010,social,Hindi,24000,5400,IND,61
Phoonk 2,16-04-2010,horror,Hindi,660000,54600,IND,59
Apartment,23-04-2010,thriller,Hindi,3480000,13125360,IND,82
Bird Idol,23-04-2010,animation,Hindi,30000,864,IND,36
City of Gold,23-04-2010,social,Hindi,2160000,915600,IND,29
Kuchh Kariye,23-04-2010,unknown,Hindi,1080000,2221500,IND,77
Muskurake Dekh Zara,23-04-2010,"comedy,romantic",Hindi,4320000,6130440,IND,75
Chase,30-04-2010,action,Hindi,2520000,2943120,IND,67
Housefull,30-04-2010,comedy,Hindi,1320000,3866400,IND,45
Badmaash Company,07-05-2010,"drama,romance",Hindi,2520000,5871900,IND,38
It's a Wonderful Afterlife,07-05-2010,drama,Hindi,5880000,4455300,IND,47
Admissions Open,14-05-2010,drama,Hindi,1680000,4716570,IND,91
Bumm Bumm Bole,14-05-2010,"child,drama",Hindi,1020000,1405440,IND,62
Kushti,14-05-2010,"romance,comedy",Hindi,2520000,1527600,IND,46
Kites,21-05-2010,"romance,thriller",Hindi,3240000,7146420,IND,66
Raajneeti,04-06-2010,"drama,political,thriller",Hindi,4320000,2464560,IND,82
Ek Second... Jo Zindagi Badal De?,11-06-2010,thriller,Hindi,1320000,175200,IND,24
Raavan,18-06-2010,"action,romance",Hindi,750000,477840,IND,67
Krantiveer - The Revolution,25-06-2010,action,Hindi,2760000,4912440,IND,85
Mr. Singh / Mrs. Mehta,25-06-2010,drama,Hindi,5040000,16951800,IND,43
I Hate Luv Storys,02-07-2010,romance,Hindi,3600000,4659360,IND,96
Milenge Milenge,09-07-2010,romance,Hindi,2400000,4654800,IND,59
Red Alert: The War Within,09-07-2010,action,Hindi,720000,41400,IND,62
Lamhaa,16-07-2010,action,Hindi,150000,1740,IND,46
Tere Bin Laden,16-07-2010,comedy,Hindi,72000,2580,IND,49
Udaan,16-07-2010,drama,Hindi,36000,64800,IND,42
Khatta Meetha,23-07-2010,"romance,drama,comedy",Hindi,360000,64800,IND,21
Once Upon a Time in Mumbaai,30-07-2010,"crime,action,romance,thriller",Hindi,2880000,8896200,IND,22
Aisha,06-08-2010,romance,Hindi,4800000,5409000,IND,91
Help,13-08-2010,horror,Hindi,570000,369870,IND,23
Peepli Live,13-08-2010,"comedy,political",Hindi,1080000,992580,IND,31
Lafangey Parindey,20-08-2010,romance,Hindi,90000,2400,IND,28
Mr. Bhatti on Chutti,20-08-2010,comedy,Hindi,18000,3900,IND,62
Hello Darling,27-08-2010,comedy,Hindi,360000,12000,IND,53
Antardwand,27-08-2010,crime,Hindi,630000,146400,IND,40
Life Express,27-08-2010,"family,drama",Hindi,24000,1500,IND,65
Aashayein,27-08-2010,drama,Hindi,600000,27000,IND,88
Soch Lo,27-08-2010,"mystery,suspense",Hindi,570000,544200,IND,42
We Are Family,02-09-2010,"drama,romance",Hindi,720000,184800,IND,89
Mallika,02-09-2010,horror,Hindi,30000,1200,IND,62
The Film Emotional Atyachar,02-09-2010,drama,Hindi,330000,12000,IND,90
Dabangg,10-09-2010,action,Hindi,30000,1380,IND,50
Robot,01-10-2010,"science,fiction",Hindi,210000,1800,IND,69
Anjaana Anjaani,01-10-2010,romance,Hindi,120000,1710,IND,43
Khichdi: The Movie,01-10-2010,comedy,Hindi,51000,60000,IND,72
Crook,08-10-2010,thriller,Hindi,180000,10800,IND,58
Do Dooni Chaar,08-10-2010,comedy,Hindi,330000,68400,IND,56
Aakrosh,15-10-2010,thriller,Hindi,450000,801285,IND,35
Knock Out,15-10-2010,action,Hindi,270000,123144,IND,28
Kajraare,15-10-2010,romance,Hindi,840000,4380,IND,68
Ramayana: The Epic,15-10-2010,animation,Hindi,420000,68400,IND,22
Hisss,15-10-2010,"horror,thriller",Hindi,900000,229200,IND,81
Jhootha Hi Sahi,22-10-2010,romance,Hindi,390000,3900,IND,27
Rakta Charitra - I,22-10-2010,biographical,Hindi,90000,780,IND,71
Dunno Y... Na Jaane Kyon,22-10-2010,romance,Hindi,60000,30000,IND,51
Maalik Ek,29-10-2010,"biographical,animation",Hindi,360000,21300,IND,21
Nakshatra,29-10-2010,romance,Hindi,1800000,331200,IND,68
Golmaal 3,29-10-2010,comedy,Hindi,1320000,286800,IND,21
Action Replayy,05-11-2010,comedy,Hindi,240000,24000,IND,51
A Flat,05-11-2010,thriller,Hindi,30000,4800,IND,32
Ramaa: The Saviour,12-11-2010,"adventure,action",Hindi,180000,1860,IND,39
Guzaarish,12-11-2010,romance,Hindi,5400000,20758800,IND,26
"Shahrukh Bola ""Khoobsurat Hai Tu""",19-11-2010,thriller,Hindi,6480000,6781500,IND,25
Diwangi Ne Had Kar Di,19-11-2010,"romance,thriller",Hindi,7800000,10791960,IND,43
Allah Ke Banday,19-11-2010,thriller,Hindi,2640000,4203030,IND,93
Bhindi Baazaar Inc.,26-11-2010,"crime,suspense,thriller",Hindi,2280000,7566000,IND,28
Break Ke Baad,26-11-2010,romance,Hindi,6960000,10377060,IND,41
Khuda Kasam,26-11-2010,action,Hindi,150000,63600,IND,28
Khelein Hum Jee Jaan Sey,03-12-2010,period,Hindi,1440000,1476480,IND,44
Phas Gaye Re Obama,03-12-2010,"crime,comedy",Hindi,2520000,1857480,IND,54
Rakta Charitra - II,03-12-2010,biographical,Hindi,3360000,3467790,IND,83
Band Baaja Baaraat,10-12-2010,"drama,romance",Hindi,3600000,3092400,IND,84
No Problem,10-12-2010,comedy,Hindi,960000,1143600,IND,73
332 Mumbai To India,17-12-2010,thriller,Hindi,1680000,1792200,IND,55
Payback,17-12-2010,thriller,Hindi,1800000,1552770,IND,33
Kaalo,17-12-2010,horror,Hindi,960000,230805,IND,23
Mirch,17-12-2010,drama,Hindi,338400,544320,IND,69
Tees Maar Khan,24-12-2010,"action,comedy",Hindi,15000,7200,IND,46
Isi Life Mein,24-12-2010,drama,Hindi,180000,9900,IND,34
Toonpur Ka Super Hero,24-12-2010,animated,Hindi,870000,128400,IND,60
Tera Kya Hoga Johnny,31-12-2010,thriller,Hindi,1320000,172800,IND,62
Ada... A Way of Life,31-12-2010,drama,Hindi,3480000,1624350,IND,94
No One Killed Jessica,07-01-2011,"social,thriller",Hindi,2160000,3873360,IND,91
Impatient Vivek,07-01-2011,"adult,romance,comedy",Hindi,480000,244800,IND,73
Yamla Pagla Deewana,14-01-2011,"action,drama,comedy",Hindi,2520000,961200,IND,21
Turning 30!!!,14-01-2011,"comedy,adult,romance",Hindi,1560000,1175520,IND,94
Mumbai Mast Kallander,14-01-2011,comedy,Hindi,480000,199950,IND,41
Odyssey of Persistence,18-01-2011,social,Hindi,2040000,459600,IND,90
Dhobi Ghat,21-01-2011,drama,Hindi,1620000,5194800,IND,77
Hostel,21-01-2011,social,Hindi,2400000,1152300,IND,92
Dil Toh Baccha Hai Ji,28-01-2011,comedy,Hindi,720000,123600,IND,93
Yeh Saali Zindagi,04-02-2011,cult,Hindi,450000,151200,IND,98
United Six,04-02-2011,"action,thriller",Hindi,18000,9900,IND,64
Utt Pataang,04-02-2011,comedy,Hindi,180000,22500,IND,78
Patiala House,11-02-2011,"family,drama",Hindi,180000,3300,IND,60
Angel,11-02-2011,drama,Hindi,120000,7200,IND,33
Aashiqui.in,11-02-2011,romance,Hindi,270000,52800,IND,28
7 Khoon Maaf,18-02-2011,"black,comedy,thriller",Hindi,120000,39600,IND,38
Kaccha Limbo,18-02-2011,child,Hindi,240000,6300,IND,62
Masti Express,18-02-2011,comedy,Hindi,300000,19800,IND,90
Tanu Weds Manu,25-02-2011,"drama,romance",Hindi,150000,10200,IND,48
Satrangee Parachute,25-02-2011,family,Hindi,120000,3900,IND,61
Yeh Faasley,04-03-2011,drama,Hindi,240000,12600,IND,38
Happy Husbands,25-03-2011,comedy,Hindi,420000,37200,IND,37
Monica,25-03-2011,drama,Hindi,150000,1320,IND,45
Game,01-04-2011,"mystery,action",Hindi,450000,508554,IND,69
F.A.L.T.U,01-04-2011,"teen,satire,comedy,film",Hindi,108000,13200,IND,45
Memories in March,01-04-2011,drama,Hindi,72000,2700,IND,42
Thank You,08-04-2011,comedy,Hindi,180000,22800,IND,88
Teen Thay Bhai,15-04-2011,drama,Hindi,210000,5700,IND,94
Dum Maaro Dum,22-04-2011,thriller,Hindi,240000,13500,IND,58
Zokkomon,22-04-2011,child,Hindi,180000,27300,IND,73
Shor in the City,28-04-2011,"cult,drama",Hindi,180000,18600,IND,66
Chalo Dilli,29-04-2011,"movie,road,comedy",Hindi,330000,67200,IND,41
I Am,29-04-2011,"social,drama",Hindi,30000,1740,IND,86
Naughty @ 40,29-04-2011,comedy,Hindi,360000,48000,IND,68
Luv Ka The End,06-05-2011,"comedy,teen",Hindi,840000,160800,IND,34
Haunted Â?? 3D,06-05-2011,horror,Hindi,60000,3600,IND,40
Love U...Mr. Kalakaar!,13-05-2011,"comedy,romance",Hindi,30000,2100,IND,70
Ragini MMS,13-05-2011,"horror,romance",Hindi,150000,1980,IND,70
Shagird,13-05-2011,"action,drama",Hindi,360000,457200,IND,95
Stanley Ka Dabba,13-05-2011,child,Hindi,660000,75900,IND,71
404,20-05-2011,"psychological,thriller",Hindi,180000,14400,IND,61
Pyar ka Punchnama,20-05-2011,"comedy,romance",Hindi,2640000,2134920,IND,66
Kucch Luv Jaisaa,27-05-2011,"drama,comedy",Hindi,2400000,6587520,IND,33
Ready,03-06-2011,comedy,Hindi,2640000,2664720,IND,68
Shaitan,10-06-2011,"drama,thriller",Hindi,3000000,7682640,IND,71
Bheja Fry 2,17-06-2011,comedy,Hindi,1920000,3951870,IND,40
Always Kabhi Kabhi,17-06-2011,"teen,romance",Hindi,1680000,4974450,IND,60
Bhindi Baazaar Inc.,17-06-2011,thriller,Hindi,1200000,7358400,IND,27
Bin Bulaye Baraati,17-06-2011,crime,Hindi,4080000,670800,IND,51
Double Dhamaal,24-06-2011,comedy,Hindi,240000,36600,IND,70
Bbuddah... Hoga Terra Baap,01-07-2011,"action,comedy",Hindi,510000,46800,IND,55
Delhi Belly,01-07-2011,"adult,comedy",Hindi,180000,3600,IND,59
Murder 2,01-07-2011,"psychological,thriller",Hindi,90000,3600,IND,98
Chillar Party,08-07-2011,child,Hindi,720000,70800,IND,55
Zindagi Na Milegi Dobara,08-07-2011,"road,romance",Hindi,300000,112800,IND,37
Singham,15-07-2011,action,Hindi,810000,1806720,IND,87
Khap,22-07-2011,social,Hindi,480000,74400,IND,51
Gandhi to Hitler,29-07-2011,biographical,Hindi,660000,24300,IND,44
Bubble Gum,29-07-2011,drama,Hindi,3000000,2476200,IND,68
Chala Mussaddi... Office Office,05-08-2011,"social,comedy",Hindi,18000,3900,IND,63
I Am Kalam,05-08-2011,drama,Hindi,900000,519360,IND,98
Milta Hai Chance By Chance,05-08-2011,"romance,comedy",Hindi,1200000,371610,IND,22
Warning,05-08-2011,horror,Hindi,960000,370800,IND,88
Aarakshan,12-08-2011,social,Hindi,660000,83952,IND,45
Phhir,12-08-2011,thriller,Hindi,720000,132000,IND,84
Chatur Singh Two Star,19-08-2011,comedy,Hindi,2520000,1098000,IND,26
Not a Love Story,19-08-2011,crime,Hindi,1200000,2347200,IND,40
Sahi Dhandhe Galat Bande,19-08-2011,comedy,Hindi,1380000,1150800,IND,98
Chitkabrey Â?? Shades of Grey,26-08-2011,social,Hindi,1080000,736800,IND,45
Shabri,26-08-2011,action,Hindi,120000,18300,IND,79
Yeh Dooriyan,26-08-2011,romance,Hindi,1140000,150000,IND,91
Bodyguard,31-08-2011,"action,romance",Hindi,2280000,2384100,IND,36
Mummy Punjabi,31-08-2011,comedy,Hindi,720000,507600,IND,39
That Girl in Yellow Boots,02-09-2011,social,Hindi,180000,5700,IND,38
Mere Brother Ki Dulhan,09-09-2011,"comedy,romance",Hindi,420000,23400,IND,46
Rivaaz,16-09-2011,social,Hindi,36000,900,IND,86
Mausam,23-09-2011,romance,Hindi,210000,8100,IND,75
Speedy Singhs,23-09-2011,drama,Hindi,18000,26400,IND,53
U R My Jaan,23-09-2011,romance,Hindi,480000,13800,IND,98
Force,30-09-2011,"action,romance",Hindi,240000,6300,IND,87
Hum Tum Shabana,30-09-2011,"comedy,romance",Hindi,330000,48000,IND,80
Saheb Biwi Aur Gangster,30-09-2011,"action,thriller",Hindi,240000,11100,IND,91
Tere Mere Phere,30-09-2011,"comedy,romantic",Hindi,60000,6000,IND,54
Chargesheet,30-09-2011,"drama,thriller",Hindi,1560000,116400,IND,46
Na Jaane Kabse hum hi,30-09-2011,romance,Hindi,180000,11400,IND,58
Rascals,06-10-2011,"action,comedy",Hindi,600000,18000,IND,61
Love Breakups Zindagi,07-10-2011,romantic,Hindi,30000,7800,IND,32
Mujhse Fraaandship Karoge,07-10-2011,"romance,comedy",Hindi,180000,10800,IND,30
My Friend Pinto,07-10-2011,"comedy,crime,romance",Hindi,1200000,135600,IND,90
Aazaan,14-10-2011,"action,thriller",Hindi,12000,3600,IND,39
Ra.One,26-10-2011,"sci,fi",Hindi,150000,6000,IND,31
Tell Me O Kkhuda,27-10-2011,drama,Hindi,210000,36000,IND,70
Damadamm!,27-10-2011,comedy,Hindi,60000,1704,IND,96
Loot,04-11-2011,comedy,Hindi,450000,21000,IND,43
Miley Naa Miley Hum,04-11-2011,"drama,romance",Hindi,240000,9000,IND,61
Rockstar,11-11-2011,"drama,romance",Hindi,420000,18000,IND,98
Shakal Pe Mat Ja,18-11-2011,comedy,Hindi,3480000,6153720,IND,70
Desi Boyz,25-11-2011,comedy,Hindi,750000,25200,IND,31
The Dirty Picture,02-12-2011,drama,Hindi,450000,31200,IND,98
Ladies vs Ricky Bahl,09-12-2011,comedy,Hindi,180000,17100,IND,30
Jo Hum Chahein,16-12-2011,"drama,romance",Hindi,210000,13800,IND,43
Don 2: The Chase Continues,23-12-2011,"action,thriller",Hindi,150000,6480,IND,67
Players,06-01-2012,"action,thriller",Hindi,390000,6900,IND,31
Chaalis Chauraasi 4084,13-01-2012,"crime,comedy",Hindi,84000,9000,IND,83
Ghost,13-01-2012,"adult,horror",Hindi,54000,2160,IND,46
Sadda Adda,13-01-2012,comedy,Hindi,240000,3000,IND,76
Agneepath,26-01-2012,"action,drama",Hindi,30000,3000,IND,24
Gali Gali Chor Hai,03-02-2012,drama,Hindi,18000,11400,IND,74
Staying Alive,03-02-2012,social,Hindi,4320000,11296110,IND,32
Love You To Death,03-02-2012,comedy,Hindi,1320000,612600,IND,22
Ek Main Aur Ekk Tu,10-02-2012,"comedy,romance",Hindi,84000,2460,IND,85
Valentine's Night,10-02-2012,"adult,romance,thriller",Hindi,180000,4200,IND,62
Ekk Deewana Tha,17-02-2012,romance,Hindi,810000,1375200,IND,38
?: A Question Mark,17-02-2012,"adult,horror",Hindi,60000,3060,IND,76
Married 2 America,17-02-2012,drama,Hindi,3480000,5592900,IND,95
Jodi Breakers,24-02-2012,romance,Hindi,96000,9900,IND,75
Tere Naal Love Ho Gaya,24-02-2012,"comedy,romance",Hindi,108000,27600,IND,47
"London, Paris, New York",02-03-2012,romance,Hindi,540000,117600,IND,43
Paan Singh Tomar,02-03-2012,crime,Hindi,18000,11400,IND,98
Will You Marry Me?,02-03-2012,romance,Hindi,24000,7800,IND,73
Kahaani,09-03-2012,"drama,thriller",Hindi,390000,29400,IND,84
Chaar Din Ki Chandni,09-03-2012,comedy,Hindi,900000,1621800,IND,35
Say Yes to Love,16-03-2012,romance,Hindi,390000,37800,IND,72
Akkad Bakkkad Bam Be Bo,16-03-2012,romance,Hindi,720000,63600,IND,32
Zindagi Tere Naam,16-03-2012,romance,Hindi,420000,134400,IND,29
Agent Vinod,23-03-2012,"suspense,thriller",Hindi,600000,126000,IND,72
Blood Money,30-03-2012,thriller,Hindi,210000,8100,IND,31
Bumboo,30-03-2012,comedy,Hindi,90000,3900,IND,51
Housefull 2,05-04-2012,"action,comedy",Hindi,72000,4200,IND,83
Bittoo Boss,13-04-2012,comedy,Hindi,36000,960,IND,64
Chhodo Kal Ki Baatein,13-04-2012,comedy,Hindi,540000,34200,IND,57
Ab Hoga Dharna Unlimited,13-04-2012,drama,Hindi,60000,510,IND,55
Vicky Donor,20-04-2012,comedy,Hindi,840000,50400,IND,20
Hate Story,20-04-2012,"adult,thriller",Hindi,1920000,147600,IND,88
Tezz,27-04-2012,action,Hindi,540000,1118700,IND,23
Life Ki Toh Lag Gayi,27-04-2012,comedy,Hindi,1020000,390000,IND,24
Jannat 2,04-05-2012,"crime,thriller",Hindi,630000,1461600,IND,78
Fatso!,04-05-2012,comedy,Hindi,4800000,5992680,IND,50
The Forest,04-05-2012,horror,Hindi,780000,2151600,IND,42
"Love, Lies & Seetha",04-05-2012,comedy,Hindi,1500000,1239225,IND,96
Dangerous Ishq,11-05-2012,"romance,thriller",Hindi,2760000,4195800,IND,82
Ishaqzaade,11-05-2012,romance,Hindi,1200000,4988400,IND,29
Department,18-05-2012,"adult,action,crime",Hindi,2640000,1615200,IND,65
Chhota Bheem And The Curse Of Damyaan,18-05-2012,animation,Hindi,2400000,7570920,IND,87
Mr. Bhatti on Chutti,18-05-2012,"comedy,film",Hindi,5640000,4681140,IND,45
Arjun: The Warrior Prince,25-05-2012,"computer,animated",Hindi,570000,810648,IND,41
MLA,25-05-2012,crime,Hindi,600000,1327575,IND,49
Rakhtbeej,25-05-2012,"comedy,romantic",Hindi,2160000,1470900,IND,55
Yeh Khula Aasmaan,25-05-2012,romantic,Hindi,2160000,4570800,IND,35
"Love, Wrinkle-free",25-05-2012,"adult,romantic",Hindi,2760000,1804920,IND,25
Rowdy Rathore,01-06-2012,"action,comedy",Hindi,1560000,8141400,IND,76
Shanghai,08-06-2012,"political,thriller",Hindi,4800000,6224640,IND,81
Ferrari Ki Sawaari,15-06-2012,"drama,comedy",Hindi,3480000,5398980,IND,71
Qasam Se Qasam Se,15-06-2012,romance,Hindi,870000,784548,IND,38
Teri Meri Kahaani,22-06-2012,"comedy,romance",Hindi,930000,860625,IND,45
Gangs of Wasseypur,22-06-2012,"adult,thriller,crime",Hindi,4680000,2995890,IND,26
Maximum,29-06-2012,thriller,Hindi,2160000,544800,IND,60
Bol Bachchan,06-07-2012,"action,comedy",Hindi,3720000,11431950,IND,83
3 Bachelors,06-07-2012,comedy,Hindi,4440000,3568350,IND,61
Cocktail,13-07-2012,romance,Hindi,3720000,4435800,IND,48
Gattu,20-07-2012,child,Hindi,1080000,1242240,IND,65
Challo Driver,20-07-2012,comedy,Hindi,150000,16200,IND,68
Mere Dost Picture Abhi Baki Hai,20-07-2012,comedy,Hindi,210000,18630,IND,56
Kyaa Super Kool Hai Hum,27-07-2012,"adult,comedy",Hindi,1800000,2459190,IND,88
Aalaap,27-07-2012,social,Hindi,960000,745440,IND,63
Overtime,27-07-2012,drama,Hindi,2640000,778200,IND,58
Jism 2,03-08-2012,"adult,thriller",Hindi,1800000,456000,IND,25
Krishna Aur Kans ,03-08-2012,"computer,animated",Hindi,780000,569790,IND,33
Gangs of Wasseypur Â?? Part 2,08-08-2012,"adult,thriller,crime",Hindi,690000,946395,IND,77
Paanch Ghantey Mien Paanch Crore,10-08-2012,thriller,Hindi,2520000,624000,IND,94
Ek Tha Tiger,15-08-2012,"action,romance",Hindi,2280000,4331250,IND,27
Shirin Farhad Ki Toh Nikal Padi,24-08-2012,"comedy,romance",Hindi,4320000,9090180,IND,38
Joker,31-08-2012,drama,Hindi,6360000,19653600,IND,29
Jalpari: The Desert Mermaid,31-08-2012,"social,thriller",Hindi,3600000,2152275,IND,93
From Sydney with Love,31-08-2012,romantic,Hindi,5160000,8355600,IND,23
I M 24,31-08-2012,comedy,Hindi,5400000,2131200,IND,20
Raaz 3,07-09-2012,"adult,suspense,thriller",Hindi,2400000,3386400,IND,95
Chal Pichchur Banate Hain,07-09-2012,comedy,Hindi,2160000,2592900,IND,66
Barfi!,14-09-2012,"comedy,romance",Hindi,1080000,90000,IND,92
Jeena Hai Toh Thok Daal,14-09-2012,drama,Hindi,1140000,145200,IND,36
Heroine,21-09-2012,"adult,drama",Hindi,72000,5040,IND,30
Kamaal Dhamaal Malamaal,28-09-2012,comedy,Hindi,84000,7800,IND,49
Oh My God,28-09-2012,comedy,Hindi,2760000,6080580,IND,87
English Vinglish,05-10-2012,drama,Hindi,24000,1680,IND,96
Kismet Love Paisa Dilli,05-10-2012,comedy,Hindi,72000,6600,IND,74
Aiyyaa,12-10-2012,"com,rom",Hindi,360000,9000,IND,94
Makkhi,12-10-2012,"fantasy,action",Hindi,420000,34800,IND,28
Login,12-10-2012,"drama,thriller",Hindi,480000,9000,IND,57
Chittagong,12-10-2012,drama,Hindi,120000,2100,IND,59
Bhoot Returns,12-10-2012,horror,Hindi,450000,11700,IND,22
Student of the Year,19-10-2012,"comedy,romance",Hindi,24000,6000,IND,33
Delhi Safari,19-10-2012,"computer,animated",Hindi,660000,247200,IND,36
Chakravyuh,24-10-2012,"political,thriller",Hindi,12000,1044,IND,70
Ajab Gazabb Love,26-10-2012,comedy,Hindi,540000,9000,IND,69
Rush,26-10-2012,"crime,thriller",Hindi,66000,660,IND,23
Luv Shuv Tey Chicken Khurana,02-11-2012,comedy,Hindi,4560000,4601040,IND,97
1920: The Evil Returns,02-11-2012,horror,Hindi,2640000,514950,IND,51
Ata Pata Laapata,02-11-2012,"musical,comedy",Hindi,1200000,81600,IND,35
Sons Of Ram,02-11-2012,"child,animation,drama",Hindi,3600000,3346800,IND,82
Future To Bright Hai Ji,02-11-2012,drama,Hindi,2160000,751500,IND,71
Jab Tak Hai Jaan,13-11-2012,"drama,romance",Hindi,810000,141450,IND,66
Son Of Sardaar,13-11-2012,comedy,Hindi,1200000,232800,IND,82
Talaash,30-11-2012,"suspense,drama",Hindi,480000,25800,IND,75
Khiladi 786,07-12-2012,"action,comedy",Hindi,600000,52800,IND,53
Cigarette Ki Tarah,14-12-2012,"drama,thriller",Hindi,600000,15000,IND,76
Dabangg 2,21-12-2012,"action,comedy",Hindi,1800000,529200,IND,94
Table No. 21,04-01-2013,"drama,thriller",Hindi,3000000,3962640,IND,30
Dehraadun Diary,04-01-2013,thriller,Hindi,960000,213600,IND,41
Meri Shadi Karao,04-01-2013,comedy,Hindi,120000,25200,IND,86
Matru Ki Bijlee Ka Mandola,11-01-2013,comedy,Hindi,210000,21000,IND,71
Pyaar Mein Aisa Hota Hai,11-01-2013,thriller,Hindi,120000,1710,IND,91
Gangoobai,11-01-2013,drama,Hindi,180000,17100,IND,43
Inkaar,18-01-2013,"crime,romance",Hindi,180000,3720,IND,23
Mumbai Mirror,18-01-2013,action,Hindi,120000,840,IND,58
Bandook,18-01-2013,crime,Hindi,48000,420,IND,34
Race 2,25-01-2013,"action,thriller",Hindi,1320000,314400,IND,64
Akaash Vani,25-01-2013,romance,Hindi,18000,16800,IND,35
Main Krishna Hoon,25-01-2013,"musical,animation",Hindi,24000,13200,IND,81
David,01-02-2013,crime,Hindi,1080000,52200,IND,23
Vishwaroop,01-02-2013,action,Hindi,24000,16800,IND,54
Mai...,01-02-2013,"family,drama",Hindi,270000,24600,IND,53
Listen... Amaya,01-02-2013,drama,Hindi,2160000,2120010,IND,63
Special 26,08-02-2013,"drama,comedy",Hindi,1440000,1723284,IND,31
The Unsound,08-02-2013,thriller,Hindi,1080000,1196694,IND,54
Jayantabhai Ki Luv Story,15-02-2013,"romance,comedy",Hindi,3600000,2027880,IND,80
Murder 3,15-02-2013,thriller,Hindi,2760000,2061270,IND,23
Kai Po Che!,22-02-2013,drama,Hindi,360000,3300,IND,30
Zilla Ghaziabad,22-02-2013,action,Hindi,360000,26400,IND,62
"I, Me, aur Main",01-03-2013,"comedy,romantic",Hindi,60000,2340,IND,26
Bloody Isshq,01-03-2013,"romance,thriller",Hindi,2280000,230820,IND,85
"Saheb, Biwi Aur Gangster Returns",08-03-2013,"drama,thriller",Hindi,4800000,2216850,IND,74
Saare Jahaan Se Mehnga,08-03-2013,"satire,comedy",Hindi,468000,826470,IND,20
3G,15-03-2013,thriller,Hindi,300000,4800,IND,53
Mere Dad Ki Maruti,15-03-2013,comedy,Hindi,240000,170400,IND,62
Jolly LLB,15-03-2013,"satire,comedy",Hindi,720000,32400,IND,29
Rangrezz,20-03-2013,action,Hindi,7560000,1615980,IND,97
Himmatwala,29-03-2013,"action,comedy",Hindi,300000,8700,IND,95
Chashme Baddoor,05-04-2013,comedy,Hindi,48000,10500,IND,96
Nautanki Saala,12-04-2013,"romance,comedy",Hindi,36000,3300,IND,40
Commando-A One Man Army,12-04-2013,"action,romance",Hindi,2520000,6288600,IND,48
Ek Thi Daayan,19-04-2013,horror,Hindi,510000,133200,IND,65
Aashiqui 2,26-04-2013,"musical,romance",Hindi,240000,3300,IND,68
Shree,26-04-2013,thriller,Hindi,150000,118656,IND,90
Shootout at Wadala,03-05-2013,"crime,thriller",Hindi,1800000,1555200,IND,89
Bombay Talkies,03-05-2013,anthology,Hindi,1080000,116400,IND,51
Chhota Bheem And The Throne of Bali,03-05-2013,"child,animation",Hindi,1440000,840,IND,55
Go Goa Gone,10-05-2013,"zombie,comedy",Hindi,2880000,1953600,IND,58
Gippi,10-05-2013,"coming,of,age",Hindi,1800000,1024800,IND,67
Aurangzeb,17-05-2013,"action,drama",Hindi,600000,109200,IND,22
I Don't Luv U,17-05-2013,"drama,romantic",Hindi,1080000,2299200,IND,61
Beehad - The Ravines,17-05-2013,drama,Hindi,150000,52200,IND,61
Ishkq in Paris,24-05-2013,romance,Hindi,84000,870,IND,36
Hum Hai Raahi CAR Ke,24-05-2013,"comedy,romantic",Hindi,210000,870,IND,80
Zindagi 50-50,24-05-2013,social,Hindi,240000,32400,IND,95
Yeh Jawaani Hai Deewani,31-05-2013,"comedy,romantic",Hindi,9840000,10359840,IND,54
Yamla Pagla Deewana 2,07-06-2013,"action,comedy",Hindi,6600000,12933810,IND,33
Fukrey,14-06-2013,comedy,Hindi,16560000,12489000,IND,24
Ankur Arora Murder Case,14-06-2013,thriller,Hindi,8520000,23319300,IND,29
Raanjhanaa,21-06-2013,romance,Hindi,4800000,15187050,IND,71
Enemmy,21-06-2013,action,Hindi,11400000,34982880,IND,57
Romeo,21-06-2013,"romantic,thriller",Hindi,5040000,18166680,IND,72
Ghanchakkar,28-06-2013,"comedy,thriller",Hindi,10680000,18541680,IND,76
Lootera,05-07-2013,"romance,thriller",Hindi,8880000,6587340,IND,46
Policegiri,05-07-2013,action,Hindi,19200000,32482950,IND,35
Bhaag Milkha Bhaag,12-07-2013,biopic,Hindi,7200000,18379320,IND,75
Sixteen,12-07-2013,drama,Hindi,36000,864,IND,68
B.A. Pass,12-07-2013,drama,Hindi,360000,21000,IND,49
Boyss Toh Boyss Hain,12-07-2013,comedy,Hindi,24000,15000,IND,37
Ramaiya Vastavaiya,19-07-2013,"com,rom",Hindi,66000,43200,IND,80
D Day,19-07-2013,"action,drama",Hindi,420000,448800,IND,64
Ship of Theseus,19-07-2013,"avant,garde",Hindi,480000,188400,IND,74
Issaq,26-07-2013,"drama,romance",Hindi,30000,25200,IND,91
Bajatey Raho,26-07-2013,comedy,Hindi,1800000,10104270,IND,92
Luv U Soniyo,26-07-2013,romance,Hindi,2760000,10943400,IND,63
Nasha,26-07-2013,"erotic,thriller",Hindi,3840000,11261040,IND,43
Rabba Main Kya Karoon,02-08-2013,comedy,Hindi,2640000,3409200,IND,67
Chor Chor Super Chor,02-08-2013,comedy,Hindi,3840000,5117100,IND,31
Calapor,02-08-2013,"drama,thriller",Hindi,2760000,8879490,IND,94
Love in Bombay,02-08-2013,romance,Hindi,5400000,3734490,IND,35
Chennai Express,09-08-2013,"action,comedy",Hindi,3720000,4272720,IND,84
Once Upon Ay Time In Mumbai Dobaara!,15-08-2013,"crime,romance",Hindi,4920000,7411380,IND,92
Madras Cafe,23-08-2013,"espionage,drama,thriller",Hindi,48000,420,IND,65
Satyagraha,30-08-2013,"political,thriller",Hindi,1140000,2934420,IND,34
Zanjeer,06-09-2013,"action,thriller",Hindi,420000,387600,IND,68
Shuddh Desi Romance,06-09-2013,romance,Hindi,360000,20400,IND,26
Siddharth,07-09-2013,drama,Hindi,2040000,5661360,IND,61
Grand Masti,13-09-2013,"adult,comedy",Hindi,3240000,5694150,IND,47
John Day,13-09-2013,thriller,Hindi,2760000,11022600,IND,89
Horror Story,13-09-2013,horror,Hindi,1320000,1777200,IND,22
Phata Poster Nikla Hero,20-09-2013,"com,rom,action",Hindi,2040000,2523600,IND,66
The Lunchbox,20-09-2013,drama,Hindi,840000,2421600,IND,97
Warning,27-09-2013,thriller,Hindi,96000,32400,IND,45
Maazii,27-09-2013,"suspense,thriller",Hindi,420000,19800,IND,45
Prague,27-09-2013,"psychological,romance,thriller",Hindi,300000,7800,IND,60
Super Model,27-09-2013,drama,Hindi,18000,420,IND,48
War Chhod Na Yaar,11-10-2013,"comedy,war",Hindi,330000,211200,IND,44
Baat Ban Gayi,11-10-2013,comedy,Hindi,36000,5100,IND,43
Ek Thee Sanam,11-10-2013,drama,Hindi,900000,767040,IND,51
Paapi - Ek Satya Katha,11-10-2013,crime,Hindi,480000,63600,IND,82
Boss,16-10-2013,masala,Hindi,150000,6600,IND,53
Shahid,18-10-2013,"biography,drama",Hindi,120000,10500,IND,26
Wake Up India,25-10-2013,"drama,political",Hindi,300000,26400,IND,21
Amdavad Junction,25-10-2013,"crime,drama",Hindi,150000,16800,IND,22
Dilli Gang,25-10-2013,crime,Hindi,120000,11400,IND,70
Mickey Virus,25-10-2013,"comedy,thriller",Hindi,900000,370800,IND,50
Ishk Actually,25-10-2013,romance,Hindi,180000,1800,IND,47
Sooper Se Ooper,25-10-2013,comedy,Hindi,540000,27300,IND,25
Krrish 3,01-11-2013,superhero,Hindi,180000,9000,IND,95
Satya 2,08-11-2013,crime,Hindi,300000,6000,IND,33
Rajjo,15-11-2013,romance,Hindi,330000,52800,IND,77
Goliyon Ki Rasleela Ram-Leela,15-11-2013,"drama,romance",Hindi,180000,3900,IND,28
Gori Tere Pyaar Mein,22-11-2013,"comedy,romance",Hindi,330000,21900,IND,66
Singh Saab The Great,22-11-2013,action,Hindi,90000,5400,IND,98
Bullett Raja,29-11-2013,"crime,romance,comedy",Hindi,2760000,1166175,IND,40
R... Rajkumar,06-12-2013,"action,romance",Hindi,2400000,3950400,IND,53
Jackpot,13-12-2013,"comedy,thriller",Hindi,3480000,1225080,IND,21
What the Fish,13-12-2013,drama,Hindi,3360000,1134000,IND,24
Dhoom 3,20-12-2013,action,Hindi,180000,24600,IND,76
Mr Joe B. Carvalho,03-01-2014,comedy,Hindi,810000,870,IND,27
Sholay 3D,03-01-2014,"adventure,action",Hindi,120000,2700,IND,21
Dedh Ishqiya,10-01-2014,"black,comedy,thriller",Hindi,180000,4680,IND,39
Yaariyan,10-01-2014,romance,Hindi,60000,13500,IND,82
Karle Pyaar Karle,17-01-2014,romance,Hindi,54000,1200,IND,72
Miss Lovely,17-01-2014,drama,Hindi,96000,7800,IND,41
Om-Dar-Ba-Dar,17-01-2014,experimental,Hindi,510000,118800,IND,74
Paranthe Wali Gali,17-01-2014,"comedy,romantic",Hindi,450000,73800,IND,49
Strings Of Passion,17-01-2014,drama,Hindi,1080000,162000,IND,83
Jai Ho,24-01-2014,"action,comedy",Hindi,720000,31800,IND,32
One by Two,31-01-2014,"comedy,romance",Hindi,390000,31800,IND,37
Babloo Happy Hai,07-02-2014,comedy,Hindi,270000,3240,IND,95
Hasee Toh Phasee,07-02-2014,"comedy,romance",Hindi,660000,50400,IND,50
Heartless,07-02-2014,thriller,Hindi,300000,15840,IND,69
Ya Rab,07-02-2014,"social,drama",Hindi,2160000,1779345,IND,82
Gunday,14-02-2014,action,Hindi,420000,48012,IND,87
Kaho Na Kaho,14-02-2014,social,Hindi,720000,214026,IND,77
Darr @ the Mall,21-02-2014,horror,Hindi,570000,100800,IND,80
Dee Saturday Night,21-02-2014,drama,Hindi,1920000,940800,IND,80
Gulabi Gang (film),21-02-2014,documentary,Hindi,420000,200400,IND,27
Highway,21-02-2014,"drama,romance",Hindi,540000,156000,IND,70
Karar: The Deal,21-02-2014,thriller,Hindi,4200000,1870200,IND,39
Pyar Ka Live Show,21-02-2014,drama,Hindi,4920000,6312750,IND,93
The Dark Secrets Of Tonhi,21-02-2014,"action,drama",Hindi,12960000,20252040,IND,25
Anuradha,28-02-2014,drama,Hindi,900000,419160,IND,45
Shaadi Ke Side Effects,28-02-2014,"comedy,romance",Hindi,1440000,283200,IND,57
Gulaab Gang,07-03-2014,"social,action",Hindi,1440000,2568300,IND,54
Queen,07-03-2014,"drama,romance",Hindi,3360000,9400410,IND,41
Total Siyapaa,07-03-2014,"drama,comedy",Hindi,2400000,1654620,IND,87
Bewakoofiyaan,14-03-2014,romance,Hindi,1200000,3860400,IND,83
Neighbours: They Are Vampires,14-03-2014,horror,Hindi,2160000,416100,IND,63
W,14-03-2014,thriller,Hindi,3360000,4683840,IND,55
Ankhon Dekhi,21-03-2014,comedy,Hindi,5160000,4269825,IND,97
Gang of Ghosts,21-03-2014,"horror,comedy",Hindi,7320000,14251560,IND,49
Lakshmi,21-03-2014,drama,Hindi,690000,931500,IND,83
Ragini MMS 2,21-03-2014,"adult,horror",Hindi,5880000,9906510,IND,87
Dishkiyaoon,28-03-2014,action,Hindi,4200000,8107680,IND,38
O Teri,28-03-2014,comedy,Hindi,2280000,2606925,IND,46
Station: The Film,28-03-2014,thriller,Hindi,36000,6900,IND,89
Youngistaan,28-03-2014,drama,Hindi,240000,182400,IND,78
Ebn-E-Batuta,04-04-2014,"sci,fi,comedy",Hindi,210000,80400,IND,84
Honour Killing,04-04-2014,social,Hindi,600000,34800,IND,75
Jal,04-04-2014,"fantasy,drama",Hindi,18000,6000,IND,29
Main Tera Hero,04-04-2014,comedy,Hindi,150000,58800,IND,24
Bhoothnath Returns,11-04-2014,"fantasy,child",Hindi,120000,15900,IND,50
2 States,18-04-2014,romance,Hindi,48000,11400,IND,52
Dekh Tamasha Dekh,18-04-2014,comedy,Hindi,36000,7800,IND,77
Lucky Kabootar,18-04-2014,"comedy,romance",Hindi,3600000,5045880,IND,96
Kaanchi...,25-04-2014,"musical,drama",Hindi,30000,3300,IND,38
Revolver Rani,25-04-2014,drama,Hindi,480000,325200,IND,72
Samrat & Co.,25-04-2014,"mystery,drama,thriller",Hindi,780000,891600,IND,26
Purani Jeans,02-05-2014,"drama,romance",Hindi,240000,30600,IND,57
Kya Dilli Kya Lahore,02-05-2014,social,Hindi,360000,106800,IND,28
Angry Young Man,02-05-2014,action,Hindi,540000,621000,IND,59
Kahin Hai Mera Pyar,02-05-2014,romance,Hindi,54000,2100,IND,70
Hawaa Hawaai,09-05-2014,drama,Hindi,3360000,3156300,IND,82
Khwaabb,09-05-2014,"drama,romance",Hindi,3240000,1424400,IND,84
Koyelaanchal,09-05-2014,action,Hindi,2760000,11690160,IND,79
Manjunath,09-05-2014,drama,Hindi,1320000,142800,IND,37
Mastram,09-05-2014,adult,Hindi,150000,3780,IND,48
Yeh Hai Bakrapur,09-05-2014,comedy,Hindi,300000,112800,IND,48
The Xpos??,16-05-2014,thriller,Hindi,150000,31200,IND,46
Children of War,16-05-2014,drama,Hindi,1920000,8592000,IND,63
M3 - Midsummer Midnight Mumbai,16-05-2014,mystery,Hindi,4800000,1992480,IND,25
Heropanti,23-05-2014,"action,romance",Hindi,2280000,3101400,IND,57
Kochadaiiyaan,23-05-2014,action,Hindi,12000,5100,IND,67
City Lights,30-05-2014,drama,Hindi,120000,10500,IND,50
Kuku Mathur Ki Jhand Ho Gayi,30-05-2014,comedy,Hindi,30000,6900,IND,55
Filmistaan,06-06-2014,comedy,Hindi,330000,56400,IND,47
Holiday,06-06-2014,"action,thriller",Hindi,1200000,978000,IND,43
Fugly,13-06-2014,"drama,comedy",Hindi,4200000,6854100,IND,63
Machhli Jal Ki Rani Hai,13-06-2014,horror,Hindi,4200000,11916000,IND,84
Humshakals,20-06-2014,"romance,drama,comedy",Hindi,3840000,8653200,IND,90
Ek Villain,27-06-2014,"romance,thriller",Hindi,3120000,1042560,IND,85
Bobby Jasoos,04-07-2014,"drama,comedy",Hindi,96000,6600,IND,67
Lekar Hum Deewana Dil,04-07-2014,"comedy,romance",Hindi,3360000,1333500,IND,72
Humpty Sharma Ki Dulhania,11-07-2014,"comedy,romance",Hindi,1170000,2043600,IND,97
Hate Story 2,18-07-2014,thriller,Hindi,1200000,367200,IND,81
Bazaar-E-Husn,18-07-2014,drama,Hindi,2640000,10581210,IND,94
Riyasat,18-07-2014,"action,drama",Hindi,240000,10200,IND,56
Amit Sahni Ki List,18-07-2014,"comedy,romance",Hindi,108000,18000,IND,38
Pizza,18-07-2014,horror,Hindi,300000,45300,IND,66
Kick,25-07-2014,"action,comedy",Hindi,600000,193200,IND,98
Entertainment,08-08-2014,comedy,Hindi,540000,814080,IND,52
Singham Returns,15-08-2014,action,Hindi,1200000,706800,IND,97
Life is Beautiful!,22-08-2014,romance,Hindi,60000,12000,IND,77
Mad About Dance,22-08-2014,dance,Hindi,570000,99600,IND,63
Mardaani,22-08-2014,"action,drama",Hindi,720000,182400,IND,23
Mumbhai Connection,22-08-2014,comedy,Hindi,420000,602640,IND,41
Abhinay Chakra,29-08-2014,"action,comedy",Hindi,390000,136800,IND,53
Raja Natwarlal,29-08-2014,thriller,Hindi,420000,23400,IND,58
Mary Kom,05-09-2014,drama,Hindi,900000,98400,IND,66
Creature,12-09-2014,horror,Hindi,570000,12000,IND,35
Finding Fanny,12-09-2014,"drama,comedy",Hindi,12000,8100,IND,50
Daawat-E-Ishq,19-09-2014,"drama,comedy",Hindi,24000,1680,IND,93
Khoobsurat,19-09-2014,"comedy,romance",Hindi,3900,5400,IND,30
3 A.M.,26-09-2014,horror,Hindi,150000,21600,IND,24
Chaarfutiya Chhokare,26-09-2014,thriller,Hindi,150000,21187.5,IND,77
Desi Kattey,26-09-2014,"action,drama",Hindi,96000,1680,IND,40
Meinu Ek Ladki Chaahiye,26-09-2014,"social,satire",Hindi,600000,138000,IND,37
Balwinder Singh Famous Ho Gaya,26-09-2014,comedy,Hindi,510000,9000,IND,26
Bang Bang!,02-10-2014,action,Hindi,630000,199200,IND,51
Haider,02-10-2014,drama,Hindi,1440000,728400,IND,41
Jigariyaa,10-10-2014,romance,Hindi,240000,15000,IND,30
Ekkees Toppon Ki Salaami,10-10-2014,"satire,political",Hindi,90000,6000,IND,34
Tamanchey,10-10-2014,"crime,romance",Hindi,840000,2587200,IND,89
Mumbai 125 KM 3D,17-10-2014,horror,Hindi,510000,1540725,IND,72
Sonali Cable,17-10-2014,"drama,comedy",Hindi,210000,13200,IND,29
Happy New Year,24-10-2014,"action,comedy",Hindi,60000,4350,IND,94
Mumbai Can Dance Saala,31-10-2014,drama,Hindi,36000,2160,IND,35
Fireflies,31-10-2014,drama,Hindi,18000,10800,IND,97
Roar - Tigers of Sunderbans,31-10-2014,"action,drama",Hindi,120000,6300,IND,81
Super Nani,31-10-2014,drama,Hindi,48000,18300,IND,77
Chaar Sahibzaade,06-11-2014,"historical,animation",Hindi,150000,9900,IND,91
Rang Rasiya,07-11-2014,drama,Hindi,30000,2250,IND,97
A Decent Arrangement,07-11-2014,drama,Hindi,1080000,870960,IND,55
The Shaukeens,07-11-2014,comedy,Hindi,1320000,1317360,IND,70
6 - 5 = 2,14-11-2014,"found,horror,footage",Hindi,114000,141600,IND,97
Kill Dil,14-11-2014,"drama,romance",Hindi,1080000,1771200,IND,58
Golu Aur Pappu,21-11-2014,comedy,Hindi,630000,1453440,IND,50
Happy Ending,21-11-2014,"comedy,romance",Hindi,480000,1231464,IND,22
Titoo MBA,21-11-2014,"comedy,romance",Hindi,1080000,382800,IND,63
Wah Taj,21-11-2014,drama,Hindi,1200000,1084200,IND,21
Hum Hai Teen Khurafaati,28-11-2014,comedy,Hindi,1080000,1401600,IND,89
Ungli,28-11-2014,drama,Hindi,180000,18300,IND,87
Zed Plus,28-11-2014,drama,Hindi,18000,3600,IND,71
Zid,28-11-2014,"erotica,thriller",Hindi,780000,48000,IND,45
Action Jackson,05-12-2014,comedy,Hindi,90000,9600,IND,62
Bhopal: A Prayer for Rain,05-12-2014,drama,Hindi,180000,24000,IND,72
Mumbai Delhi Mumbai,05-12-2014,drama,Hindi,1440000,8400,IND,75
Sulemani Keeda,05-12-2014,"social,drama",Hindi,180000,61200,IND,54
Take It Easy,05-12-2014,drama,Hindi,360000,46800,IND,68
Badlapur Boys,12-12-2014,sport,Hindi,2160000,217500,IND,60
Life Mein Twist Hai,12-12-2014,"drama,romance",Hindi,600000,78000,IND,70
LUV...Phir Kabhie,12-12-2014,drama,Hindi,42000,6300,IND,62
Main Aur Mr. Riight,12-12-2014,"romance,comedy",Hindi,2400000,3412800,IND,78
Objection My God,12-12-2014,comedy,Hindi,3480000,1990680,IND,58
Room - The Mystery,12-12-2014,"suspense,thriller",Hindi,1080000,223200,IND,77
PK,19-12-2014,"drama,comedy",Hindi,480000,72000,IND,43
Lingaa,26-12-2014,"action,thriller",Hindi,1560000,4323600,IND,86
Ugly,26-12-2014,thriller,Hindi,72000,26400,IND,63
International Hero,02-01-2015,drama,Hindi,720000,1290600,IND,94
Mumbai Can Dance Saala,02-01-2015,thriller,Hindi,2280000,3456165,IND,32
Take It Easy,02-01-2015,drama,Hindi,900000,41100,IND,73
Tevar,09-01-2015,"action,romance",Hindi,180000,10200,IND,52
Alone,16-01-2015,horror,Hindi,420000,184800,IND,83
Crazy Cukkad Family,16-01-2015,comedy,Hindi,720000,662310,IND,50
Sharafat Gayi Tel Lene,16-01-2015,"comedy,thriller",Hindi,3360000,906990,IND,92
Baby,23-01-2015,thriller,Hindi,1320000,1017600,IND,53
Dolly Ki Doli,23-01-2015,"comedy,romantic",Hindi,1440000,1290195,IND,68
Chal Guru Ho Ja Shuru,30-01-2015,comedy,Hindi,960000,310464,IND,82
Hawaizaada,30-01-2015,drama,Hindi,60000,2160,IND,87
Khamoshiyan: Silences Have Secrets,30-01-2015,horror,Hindi,48000,6000,IND,70
Rahasya,30-01-2015,mystery,Hindi,36000,3480,IND,39
Jai Jawaan Jai Kisaan,06-02-2015,drama,Hindi,270000,12600,IND,91
Shamitabh,06-02-2015,drama,Hindi,420000,37200,IND,61
MSG: The Messenger,13-02-2015,"action,drama",Hindi,1560000,696840,IND,80
Roy,13-02-2015,"romance,thriller",Hindi,1320000,1272000,IND,84
Badlapur,20-02-2015,"action,thriller",Hindi,180000,16200,IND,90
Qissa,20-02-2015,"historical,drama",Hindi,270000,183600,IND,97
Ab Tak Chhappan 2,27-02-2015,"crime,drama",Hindi,120000,1440,IND,71
Dum Laga Ke Haisha,27-02-2015,comedy,Hindi,360000,66600,IND,96
Badmashiyaan,04-03-2015,"comedy,romantic",Hindi,300000,9900,IND,26
Coffee Bloom,04-03-2015,"drama,romance",Hindi,750000,23400,IND,69
Dirty Politics,04-03-2015,"drama,political",Hindi,480000,23400,IND,46
Hey Bro,04-03-2015,comedy,Hindi,2520000,4556388,IND,58
NH10,13-03-2015,thriller,Hindi,600000,57000,IND,68
Dilliwali Zaalim Girlfriend,20-03-2015,comedy,Hindi,420000,130017.6,IND,83
Hunterrr,20-03-2015,comedy,Hindi,330000,28200,IND,68
Barkhaa,27-03-2015,romance,Hindi,1320000,448800,IND,72
Detective Byomkesh Bakshy,02-04-2015,thriller,Hindi,960000,70800,IND,61
Paisa Ho Paisa,02-04-2015,comedy,Hindi,1080000,615210,IND,74
Luckhnowi Ishq,03-04-2015,romance,Hindi,60000,60000,IND,76
Dharam Sankat Mein,10-04-2015,drama,Hindi,48000,840,IND,97
Ek Paheli Leela,10-04-2015,musical,Hindi,720000,43200,IND,25
Court,17-04-2015,drama,Hindi,240000,19500,IND,24
Margarita with a Straw,17-04-2015,drama,Hindi,600000,16500,IND,71
Mr. X,17-04-2015,"sci,fi,thriller",Hindi,300000,24000,IND,69
NH-8 Road to Nidhivan,17-04-2015,horror,Hindi,330000,22200,IND,81
Ek Adbhut Dakshina Guru Dakshina,17-04-2015,"drama,dance",Hindi,210000,6300,IND,55
Ishq Ke Parindey,24-04-2015,romance,Hindi,48000,26400,IND,70
Kaagaz Ke Fools,24-04-2015,comedy,Hindi,180000,78522,IND,98
Gabbar is Back,01-05-2015,"crime,action",Hindi,240000,4800,IND,30
Sabki Bajegi Band,01-05-2015,"drama,thriller",Hindi,210000,3000,IND,45
Kuch Kuch Locha Hai,08-05-2015,comedy,Hindi,150000,79983,IND,77
Piku,08-05-2015,"drama,comedy",Hindi,840000,68400,IND,83
Bombay Velvet,15-05-2015,"crime,drama",Hindi,360000,13200,IND,88
Main Hoon Rajinikanth,22-05-2015,"spoof,comedy,thriller",Hindi,54000,7800,IND,39
Tanu Weds Manu Returns,22-05-2015,"comedy,romance",Hindi,48000,7800,IND,75
I Love Desi,29-05-2015,comedy,Hindi,84000,3000,IND,39
Ishqedarriyaan,29-05-2015,drama,Hindi,240000,4800,IND,35
P Se PM Tak,29-05-2015,comedy,Hindi,2880000,636000,IND,35
Welcome 2 Karachi,29-05-2015,comedy,Hindi,570000,100800,IND,61
Dil Dhadakne Do,05-06-2015,drama,Hindi,540000,237432,IND,20
Mere Genie Uncle 3D,05-06-2015,drama,Hindi,420000,27600,IND,52
Hamari Adhuri Kahani,12-06-2015,"drama,romance",Hindi,1440000,273600,IND,55
ABCD 2,19-06-2015,dance,Hindi,450000,122715,IND,51
Miss Tanakpur Haazir Ho ,26-06-2015,"drama,comedy",Hindi,390000,32700,IND,27
Uvaa,26-06-2015,"social,comedy",Hindi,120000,870,IND,43
Bezubaan Ishq,03-07-2015,romance,Hindi,270000,30000,IND,50
Guddu Rangeela,03-07-2015,comedy,Hindi,150000,54367.5,IND,52
Second Hand Husband,03-07-2015,drama,Hindi,240000,6600,IND,94
Baahubali,10-07-2015,action,Hindi,720000,3720,IND,92
I Love NY,10-07-2015,"drama,romance",Hindi,660000,82122,IND,23
Thoda Lutf Thoda Ishq,17-07-2015,"drama,romance",Hindi,330000,18600,IND,28
Bajrangi Bhaijaan,24-07-2015,"drama,action,comedy",Hindi,720000,132000,IND,85
Aisa Yeh Jahaan,24-07-2015,drama,Hindi,720000,411600,IND,76
Masaan,31-07-2015,drama,Hindi,240000,9900,IND,96
Drishyam,07-08-2015,"drama,thriller",Hindi,36000,3300,IND,91
Bangistan,21-08-2015,comedy,Hindi,210000,10500,IND,22
All Is Well,14-08-2015,drama,Hindi,150000,5100,IND,40
Brothers,14-08-2015,drama,Hindi,480000,46800,IND,85
Gour Hari Dastaan,21-08-2015,drama,Hindi,84000,89568.6,IND,47
Manjhi - The Mountain Man,21-08-2015,drama,Hindi,78000,75040.8,IND,33
Rolling Dream,28-08-2015,drama,Hindi,48000,37800,IND,35
Kaun Kitney Paani Mein,28-08-2015,"social,drama",Hindi,60000,3000,IND,84
Phantom,04-09-2015,"action,thriller",Hindi,96000,960,IND,73
Welcome Back,11-09-2015,"comedy,romance",Hindi,24000,8100,IND,89
Hero,11-09-2015,"action,romance",Hindi,30000,9600,IND,85
Sorry Daddy,18-09-2015,"action,drama",Hindi,150000,5100,IND,42
Katti Batti,18-09-2015,"comedy,romance",Hindi,9000,5100,IND,90
Meeruthiya Gangster,18-09-2015,"crime,comedy",Hindi,300000,14700,IND,38
MSG-2:The Messenger,25-09-2015,"action,thriller",Hindi,18000,6900,IND,67
Kis Kisko Pyaar Karoon,25-09-2015,comedy,Hindi,3600000,418170,IND,43
Calendar Girls,25-09-2015,drama,Hindi,240000,15600,IND,72
Bhaag Johnny,25-09-2015,drama,Hindi,540000,126000,IND,57
Time Out,25-09-2015,drama,Hindi,42000,5400,IND,53
Singh Is Bliing,02-10-2015,comedy,Hindi,210000,7800,IND,35
Talvar,02-10-2015,thriller,Hindi,2160000,1123200,IND,25
Jazbaa,09-10-2015,"action,drama",Hindi,570000,45600,IND,49
Bumper Draw,16-10-2015,comedy,Hindi,1440000,343200,IND,70
Chinar Daastaan-E-Ishq,16-10-2015,"drama,romantic",Hindi,2760000,2822730,IND,88
Pyaar Ka Punchnama 2,16-10-2015,comedy,Hindi,1440000,310800,IND,46
Wedding Pullav,16-10-2015,comedy,Hindi,60000,510,IND,33
Shaandaar,22-10-2015,"comedy,romance",Hindi,60000,3600,IND,22
Titli,30-10-2015,crime,Hindi,300000,22200,IND,61
Main Aur Charles,30-10-2015,thriller,Hindi,108000,1140,IND,75
Once Upon A Time In Bihar,30-10-2015,political,Hindi,360000,78000,IND,39
Guddu Ki Gun,30-10-2015,comedy,Hindi,2280000,3817800,IND,38
Love Exchange,30-10-2015,romance,Hindi,4440000,4900440,IND,22
Prithipal Singh... A Story,30-10-2015,biopic,Hindi,780000,444000,IND,31
Four Pillars of Basement,06-11-2015,thriller,Hindi,900000,134400,IND,48
Charlie Kay Chakkar Mein,06-11-2015,"crime,thriller",Hindi,1110000,428400,IND,40
Yaara Silly Silly,06-11-2015,romance,Hindi,1800000,494400,IND,93
Ranbanka,06-11-2015,action,Hindi,480000,30300,IND,32
Prem Ratan Dhan Payo,12-11-2015,romance,Hindi,720000,122400,IND,60
X,20-11-2015,anthology,Hindi,780000,188400,IND,98
Angry Indian Goddesses,27-11-2015,drama,Hindi,360000,1946400,IND,52
Tamasha,27-11-2015,romance,Hindi,360000,127200,IND,33
Hate Story 3,04-12-2015,"adult,thriller",Hindi,540000,103200,IND,22
Kajarya,04-12-2015,drama,Hindi,1140000,336000,IND,35
The Silent Heroes,11-12-2015,adventure,Hindi,102000,40200,IND,90
Bajirao Mastani,18-12-2015,romance,Hindi,150000,25200,IND,60
Dilwale,18-12-2015,"action,romance",Hindi,36000,36000,IND,75
Monsoon Shootout,01-01-2016,"neo,noir",Hindi,480000,11700,IND,33
Wazir,08-01-2016,thriller,Hindi,42000,39900,IND,82
Chalk n Duster,15-01-2016,drama,Hindi,120000,3840,IND,47
Rebellious Flower,15-01-2016,biopic,Hindi,1440000,108000,IND,88
Airlift,22-01-2016,"war,thriller",Hindi,2160000,3745989,IND,52
Jugni,22-01-2016,"musical,drama",Hindi,1200000,1281360,IND,24
Kyaa Kool Hain Hum 3,22-01-2016,"adult,comedy",Hindi,1020000,2068800,IND,93
Saala Khadoos,29-01-2016,sport,Hindi,1200000,1514400,IND,80
Mastizaade,29-01-2016,"adult,comedy",Hindi,270000,272400,IND,78
Sanam Teri Kasam,05-02-2016,romance,Hindi,2760000,2505300,IND,85
Ghayal Once Again,05-02-2016,"action,drama",Hindi,540000,485025,IND,23
Fitoor,12-02-2016,"drama,romance",Hindi,270000,63600,IND,62
Sanam Re,12-02-2016,romance,Hindi,570000,41400,IND,92
Direct Ishq,19-02-2016,drama,Hindi,1920000,815625,IND,89
Ishq Forever,19-02-2016,drama,Hindi,2040000,1246020,IND,37
LoveShhuda,19-02-2016,romance,Hindi,1680000,1042200,IND,82
Neerja,19-02-2016,"biopic,drama",Hindi,2280000,3839100,IND,40
Dhara 302,26-02-2016,"action,drama",Hindi,1560000,894000,IND,27
Aligarh,26-02-2016,"biopic,drama",Hindi,900000,681600,IND,38
Bollywood Diaries,26-02-2016,drama,Hindi,1680000,163200,IND,20
Love Shagun,26-02-2016,"comedy,romance",Hindi,180000,23100,IND,47
Tere Bin Laden: Dead or Alive,26-02-2016,comedy,Hindi,840000,121200,IND,31
Zubaan,04-03-2016,drama,Hindi,48000,870,IND,86
Jai Gangaajal,04-03-2016,"action,drama",Hindi,300000,20400,IND,52
Global Baba,11-03-2016,satire,Hindi,30000,5700,IND,80
Teraa Surroor,11-03-2016,"action,romance,thriller",Hindi,24000,5700,IND,21
OK Mein Dhokhe,11-03-2016,"drama,thriller",Hindi,840000,130800,IND,54
Kapoor & Sons,18-03-2016,"drama,comedy",Hindi,150000,7800,IND,48
Rocky Handsome,25-03-2016,action,Hindi,300000,16800,IND,48
Ki & Ka,01-04-2016,"comedy,romance",Hindi,78000,174,IND,21
Love Games,08-04-2016,thriller,Hindi,12000,420,IND,60
The Blueberry Hunt,08-04-2016,thriller,Hindi,150000,3000,IND,39
Fan,15-04-2016,"action,drama,thriller",Hindi,1020000,878400,IND,77
Nil Battey Sannata,22-04-2016,"drama,comedy",Hindi,30000,12000,IND,83
Laal Rang,22-04-2016,action,Hindi,330000,28200,IND,46
Santa Banta Pvt Ltd,22-04-2016,comedy,Hindi,300000,34200,IND,81
Baaghi,29-04-2016,action,Hindi,690000,120000,IND,67
Shortcut Safari ,29-04-2016,"adventure,drama",Hindi,150000,11100,IND,49
One Night Stand,06-05-2016,thriller,Hindi,72000,12000,IND,51
Traffic,06-05-2016,thriller,Hindi,120000,2100,IND,98
1920 London,06-05-2016,horror,Hindi,1680000,5622300,IND,69
Azhar,13-05-2016,biopic,Hindi,48000,2400,IND,21
Buddha in a Traffic Jam,13-05-2016,"drama,political",Hindi,360000,6600,IND,29
Khel Toh Ab Shuru Hoga,13-05-2016,action,Hindi,72000,5100,IND,78
Dear Dad,16-05-2016,drama,Hindi,270000,27600,IND,23
Kaptaan,20-05-2016,comedy,Hindi,780000,166800,IND,64
Sarbjit,20-05-2016,biopic,Hindi,240000,60000,IND,96
Phobia,27-05-2016,thriller,Hindi,1080000,1971600,IND,40
Veerappan,27-05-2016,action,Hindi,510000,42600,IND,54
Fredrick,27-05-2016,"psychological,action,thriller",Hindi,360000,10800,IND,46
Waiting,27-05-2016,drama,Hindi,1680000,1450992,IND,35
Housefull 3,03-06-2016,comedy,Hindi,750000,210000,IND,42
Do Lafzon Ki Kahani,10-06-2016,romantic,Hindi,450000,540000,IND,68
Dhanak,10-06-2016,drama,Hindi,90000,2040,IND,56
Te3n,10-06-2016,thriller,Hindi,36000,5580,IND,57
Udta Punjab,17-06-2016,crime,Hindi,210000,44400,IND,57
Luv U Alia,17-06-2016,romance,Hindi,540000,915600,IND,89
Raman Raghav 2.0,24-06-2016,"crime,thriller",Hindi,600000,48000,IND,46
Junooniyat,24-06-2016,romance,Hindi,900000,115200,IND,68
7 Hours To Go,24-06-2016,"crime,thriller",Hindi,600000,98880,IND,70
A Scandall,24-06-2016,adult,Hindi,1200000,520560,IND,30
Rough Book,24-06-2016,drama,Hindi,150000,144939.6,IND,90
Shorgul,01-07-2016,"drama,political",Hindi,240000,396888,IND,26
Dil Toh Deewana Hai,01-07-2016,"romance,comedy",Hindi,120000,29400,IND,79
Sultan,06-07-2016,"sport,drama",Hindi,180000,248400,IND,91
Brahman Naman,06-07-2016,comedy,Hindi,18000,450,IND,64
Great Grand Masti,15-07-2016,comedy,Hindi,150000,9000,IND,70
Madaari,22-07-2016,drama,Hindi,30000,21600,IND,22
Ishq Click,22-07-2016,"drama,romance",Hindi,960000,517200,IND,55
M Cream,22-07-2016,"road,movie",Hindi,20400000,20188200,IND,20
Kabali,29-07-2016,action,Hindi,23400000,96193440,IND,33
Dishoom,29-07-2016,action,Hindi,1320000,832860,IND,25
Love Ke Funday,29-07-2016,comedy,Hindi,3240000,6935760,IND,34
The Legend of Michael Mishra,05-08-2016,"drama,romance",Hindi,48000,3300,IND,30
Fever,05-08-2016,thriller,Hindi,180000,18300,IND,39
Hai Apna Dil Toh Awara,05-08-2016,"romance,comedy",Hindi,240000,93600,IND,62
Mohenjo Daro,12-08-2016,drama,Hindi,240000,15600,IND,56
Rustom,12-08-2016,"romance,thriller",Hindi,1680000,1026690,IND,28
Happy Bhaag Jayegi,19-08-2016,comedy,Hindi,3000000,644400,IND,35
Waarrior Savitri,25-08-2016,action,Hindi,1080000,217200,IND,60
A Flying Jatt,25-08-2016,"action,comedy",Hindi,420000,10500,IND,94
Akira,02-09-2016,"action,drama",Hindi,270000,7500,IND,56
Yea Toh Two Much Ho Gayaa,02-09-2016,"action,drama",Hindi,1200000,104400,IND,44
Island City,02-09-2016,drama,Hindi,2520000,336900,IND,70
Baar Baar Dekho,09-09-2016,"drama,romance",Hindi,60000,5700,IND,64
Freaky Ali,09-09-2016,"comedy,sport,romantic",Hindi,18000,864,IND,66
Ek Kahani Julie Ki,09-09-2016,thriller,Hindi,420000,7200,IND,97
Raaz Reboot,16-09-2016,horror,Hindi,90000,1740,IND,93
Pink,16-09-2016,drama,Hindi,18000,15600,IND,43
Parched,23-09-2016,drama,Hindi,3840000,2095425,IND,39
Banjo,23-09-2016,"drama,comedy",Hindi,1680000,1074540,IND,54
Days of Tafree,23-09-2016,comedy,Hindi,2400000,4715340,IND,92
Wah Taj,23-09-2016,satirical,Hindi,4560000,10343010,IND,25
M.S. Dhoni: The Untold Story,30-09-2016,"sport,biopic",Hindi,3960000,5951100,IND,58
Mirzya,07-10-2016,"drama,romance",Hindi,3000000,3608400,IND,55
MSG: The Warrior Lion Heart,07-10-2016,"adventure,drama",Hindi,420000,56400,IND,85
Tutak Tutak Tutiya,07-10-2016,"comedy,supernatural",Hindi,360000,14400,IND,28
Anna ,14-10-2016,biographical,Hindi,3240000,3774600,IND,88
Motu Patlu: King Of Kings,14-10-2016,"animation,adventure,action,comedy",Hindi,2280000,5882100,IND,74
Beiimaan Love,14-10-2016,thriller,Hindi,3480000,13473660,IND,56
Saat Uchakkey,14-10-2016,comedy,Hindi,1200000,326400,IND,56
Fuddu,14-10-2016,drama,Hindi,1800000,578400,IND,45
Aakhir Kab Tak,14-10-2016,"social,drama",Hindi,1440000,615600,IND,40
Ek Tera Saath,21-10-2016,"supernatural,thriller",Hindi,1680000,340800,IND,45
Umrika,21-10-2016,drama,Hindi,840000,195600,IND,77
31st October,21-10-2016,"drama,thriller",Hindi,720000,84000,IND,53
Shivaay,28-10-2016,"action,drama",Hindi,36000,420,IND,27
Ae Dil Hai Mushkil,28-10-2016,"drama,romance",Hindi,480000,76800,IND,34
Chaar Sahibzaade: Rise of Banda Singh Bahadur,11-11-2016,"animation,action,drama",Hindi,360000,57600,IND,45
Dongri Ka Raja,11-11-2016,"action,thriller",Hindi,240000,18600,IND,26
Ishq Junoon,11-11-2016,"erotic,romantic",Hindi,420000,4800,IND,32
Rock On 2,11-11-2016,drama,Hindi,2520000,6769620,IND,43
Tum Bin 2,18-11-2016,romance,Hindi,4680000,29237220,IND,81
Force 2,18-11-2016,action,Hindi,2520000,1757610,IND,72
Dear Zindagi,25-11-2016,drama,Hindi,480000,354300,IND,31
Saansein,25-11-2016,"horror,romantic",Hindi,4680000,7794180,IND,24
Moh Maya Money,25-11-2016,"crime,drama",Hindi,1440000,1211520,IND,39
Kahaani 2,02-12-2016,thriller,Hindi,1020000,397200,IND,42
Befikre,09-12-2016,romance,Hindi,2880000,1443600,IND,78
Wajah Tum Ho,16-12-2016,"drama,romance",Hindi,1020000,634800,IND,49
Dangal,23-12-2016,biopic,Hindi,240000,390,IND,44
Haraamkhor,13-01-2017,"crime,comedy",Hindi,180000,8400,IND,81
Ok Jaanu,13-01-2017,"drama,romance",Hindi,54000,2100,IND,29
Coffee with D,20-01-2017,"crime,comedy",Hindi,420000,24000,IND,54
Kaabil,25-01-2017,"action,thriller",Hindi,30000,870,IND,84
Raees,25-01-2017,"crime,action",Hindi,18000,7800,IND,73
Jolly LLB 2,10-02-2017,drama,Hindi,720000,565200,IND,22
Hind Ka Napak Ko Jawab: MSG Lion Heart 2,10-02-2017,"action,drama",Hindi,180000,60000,IND,61
Runningshaadi.com,17-02-2017,comedy,Hindi,1200000,450000,IND,80
The Ghazi Attack,17-02-2017,action,Hindi,480000,187200,IND,95
Irada,17-02-2017,"drama,thriller",Hindi,780000,1462680,IND,31
Chauhar,17-02-2017,romance,Hindi,540000,388800,IND,37
Rangoon,24-02-2017,"drama,war",Hindi,120000,29400,IND,80
Wedding Anniversary,24-02-2017,"romance,thriller",Hindi,1200000,632400,IND,91
Mona Darling,24-02-2017,thriller,Hindi,750000,213870,IND,75
Commando 2,03-03-2017,action,Hindi,210000,10800,IND,51
Jeena Isi Ka Naam Hai,03-03-2017,"drama,romance",Hindi,390000,27600,IND,95
Badrinath Ki Dulhania,10-03-2017,"comedy,romance",Hindi,102000,21000,IND,68
Aa Gaya Hero,17-03-2017,"action,comedy",Hindi,72000,32400,IND,66
Trapped,17-03-2017,thriller,Hindi,210000,80400,IND,66
Machine,17-03-2017,"romance,thriller",Hindi,240000,36000,IND,69
Phillauri,24-03-2017,"comedy,romance",Hindi,72000,1860,IND,54
Bhanwarey,24-03-2017,comedy,Hindi,210000,30300,IND,45
Anaarkali of Aarah,24-03-2017,drama,Hindi,30000,2700,IND,30
Naam Shabana,31-03-2017,"action,thriller",Hindi,180000,8100,IND,40
Poorna: Courage Has No Limit,31-03-2017,adventure,Hindi,72000,39600,IND,49
Laali Ki Shaadi Mein Laaddoo Deewana,07-04-2017,"drama,comedy",Hindi,18000,5400,IND,57
Mirza Juuliet,07-04-2017,"drama,comedy",Hindi,18000,9600,IND,32
Mukti Bhawan,07-04-2017,drama,Hindi,120000,600,IND,31
Saanjh,14-04-2017,drama,Hindi,480000,31800,IND,68
Begum Jaan,14-04-2017,"period,drama",Hindi,330000,44400,IND,96
Romeo-N-Bullet,14-04-2017,romance,Hindi,300000,10800,IND,60
Noor,21-04-2017,"drama,comedy",Hindi,36000,1980,IND,28
Ek Thi Rani Aisi Bhi,21-04-2017,biopic,Hindi,270000,61200,IND,21
Maatr,21-04-2017,"drama,thriller",Hindi,24000,1560,IND,38
Ajab Singh Ki Gajab Kahani,21-04-2017,"drama,thriller",Hindi,150000,5400,IND,80
Mantostaan,05-05-2017,"anthology,drama",Hindi,108000,22200,IND,24
Meri Pyaari Bindu,12-05-2017,romance,Hindi,300000,8400,IND,26
Sarkar 3,12-05-2017,"crime,political,thriller",Hindi,210000,12900,IND,79
Half Girlfriend,19-05-2017,"drama,romance",Hindi,720000,114000,IND,29
Jattu Engineer,19-05-2017,comedy,Hindi,510000,37200,IND,91
Hindi Medium,19-05-2017,"drama,comedy",Hindi,150000,8280,IND,45
Chakallaspur,26-05-2017,"drama,romance",Hindi,750000,475200,IND,37
Sachin: A Billion Dreams,26-05-2017,biopic,Hindi,210000,34800,IND,58
Thodi Thodi Si Manmaaniyan,26-05-2017,romance,Hindi,1020000,2135400,IND,54
A Death in the Gunj,02-06-2017,"crime,drama",Hindi,420000,62400,IND,25
Hanuman: Da' Damdaar,02-06-2017,animation,Hindi,1440000,1350000,IND,75
Sweetiee Weds NRI,02-06-2017,"comedy,romance",Hindi,1800000,255600,IND,98
Dobaara: See Your Evil,02-06-2017,horror,Hindi,660000,102000,IND,56
Flat 211,02-06-2017,"mystery,suspense",Hindi,420000,391200,IND,59
Dear Maya,02-06-2017,"drama,thriller",Hindi,36000,12300,IND,79
Raabta,09-06-2017,"romance,thriller",Hindi,18000,870,IND,48
Behen Hogi Teri,09-06-2017,"comedy,romance",Hindi,720000,308400,IND,93
Bachche Kachche Sachche,09-06-2017,"child,drama",Hindi,72000,1680,IND,71
Love You Family,09-06-2017,drama,Hindi,150000,2280,IND,96
G Kutta Se,09-06-2017,drama,Hindi,60000,5100,IND,35
Bank Chor,16-06-2017,"comedy,thriller",Hindi,420000,17400,IND,70
Tubelight,23-06-2017,"action,drama",Hindi,240000,57600,IND,27
Ek Haseena Thi Ek Deewana Tha,30-06-2017,romance,Hindi,180000,19500,IND,85
Mom,07-07-2017,"drama,thriller",Hindi,30000,900,IND,37
Guest Iin London,07-07-2017,comedy,Hindi,24000,17400,IND,86
Jagga Jasoos,14-07-2017,"romance,comedy",Hindi,18000,6900,IND,79
Shab,14-07-2017,drama,Hindi,150000,14400,IND,61
Lipstick Under My Burkha,21-07-2017,"sex,drama",Hindi,240000,138000,IND,64
Munna Michael,21-07-2017,"action,romance",Hindi,102000,2760,IND,79
Raag Desh : Birth Of A Nation,28-07-2017,"action,period,drama",Hindi,120000,3000,IND,79
Indu Sarkar,28-07-2017,drama,Hindi,180000,18300,IND,61
Mubarakan,28-07-2017,"romance,comedy",Hindi,1560000,367200,IND,27
Gurgaon,04-08-2017,"neo,noir",Hindi,240000,15000,IND,38
Jab Harry Met Sejal,04-08-2017,romance,Hindi,540000,1382400,IND,54
Toilet: Ek Prem Katha,11-08-2017,"drama,comedy",Hindi,1080000,1078800,IND,73
Yeh Hai India,18-08-2017,"patriotic,drama",Hindi,720000,1761600,IND,78
Partition: 1947,18-08-2017,drama,Hindi,1560000,2336400,IND,40
Bareilly Ki Barfi,18-08-2017,"romance,comedy",Hindi,600000,423600,IND,26
A Gentleman,25-08-2017,"action,romance",Hindi,330000,52500,IND,61
Babumoshai Bandookbaaz,25-08-2017,action,Hindi,720000,297600,IND,81
Yadvi Â?? The Dignified Princess,25-08-2017,drama,Hindi,600000,21600,IND,90
Qaidi Band,25-08-2017,"musical,drama",Hindi,840000,1740000,IND,68
Baadshaho,01-09-2017,"crime,action,thriller",Hindi,240000,55200,IND,55
Shubh Mangal Savdhan,01-09-2017,"drama,comedy",Hindi,300000,404400,IND,29
Poster Boys,08-09-2017,comedy,Hindi,960000,338400,IND,91
Daddy,08-09-2017,"crime,drama",Hindi,210000,8400,IND,41
Simran,15-09-2017,drama,Hindi,1320000,50610,IND,84
Lucknow Central,15-09-2017,drama,Hindi,48000,3300,IND,38
Patel Ki Punjabi Shaadi,15-09-2017,"drama,comedy",Hindi,720000,65100,IND,44
Newton,22-09-2017,"dark,comedy",Hindi,300000,63600,IND,33
Bhoomi,22-09-2017,"action,drama",Hindi,270000,98400,IND,86
The Final Exit,22-09-2017,horror,Hindi,210000,13800,IND,28
JD,22-09-2017,"drama,thriller",Hindi,120000,3780,IND,48
Haseena Parkar,22-09-2017,biographic,Hindi,90000,21300,IND,61
Judwaa 2,29-09-2017,"action,comedy",Hindi,510000,37200,IND,79
Deepak,06-10-2017,"comedy,romantic",Hindi,108000,6000,IND,62
Chef,06-10-2017,comedy,Hindi,78000,8400,IND,78
Babu Ji Ek Ticket Bambai,06-10-2017,"social,drama",Hindi,7200000,2657700,IND,40
Mein Terrorist Nahi Hoon,06-10-2017,action,Hindi,66000,2940,IND,39
Ranchi Diaries,13-10-2017,"drama,thriller",Hindi,9960000,11414340,IND,67
Secret Superstar,19-10-2017,"musical,drama",Hindi,6000000,20968560,IND,44
Golmaal Again,20-10-2017,comedy,Hindi,15720000,10422870,IND,52
Jia aur Jia,27-10-2017,"road,film",Hindi,14160000,5176380,IND,88
Rukh,27-10-2017,drama,Hindi,2160000,5652900,IND,39
Ittefaq,03-11-2017,thriller,Hindi,9000000,35473560,IND,87
The House Next Door,03-11-2017,horror,Hindi,7920000,13044210,IND,96
Ribbon,03-11-2017,drama,Hindi,10440000,16396650,IND,31
Shaadi Mein Zaroor Aana,10-11-2017,"drama,romance",Hindi,11760000,27547470,IND,59
Qarib Qarib Singlle,10-11-2017,"comedy,romance",Hindi,690000,668805,IND,55
The Window,10-11-2017,"suspense,thriller",Hindi,7320000,17460480,IND,40
Aksar 2,17-11-2017,thriller,Hindi,5280000,11968500,IND,80
Panchlait,17-11-2017,"comedy,romantic",Hindi,5400000,4695960,IND,20
Tumhari Sulu,17-11-2017,"social,comedy",Hindi,1920000,4038930,IND,50
Dil Jo Na Keh Saka,17-11-2017,"drama,romantic",Hindi,2760000,7388700,IND,64
Julie 2,24-11-2017,"erotic,thriller",Hindi,4800000,8218500,IND,24
Ajji,24-11-2017,drama,Hindi,6000000,6722580,IND,90
Kadvi Hawa,24-11-2017,"disaster,drama",Hindi,1080000,261600,IND,33
Saankal,28-11-2017,drama,Hindi,660000,60000,IND,53
Tera Intezaar,01-12-2017,"romantic,thriller",Hindi,1320000,490800,IND,35
Firangi,01-12-2017,comedy,Hindi,3000000,5724780,IND,42
Fukrey Returns,08-12-2017,comedy,Hindi,360000,22500,IND,87
Game Over,08-12-2017,"suspense,thriller",Hindi,1200000,28200,IND,71
Sallu ki Shaadi,08-12-2017,"drama,comedy",Hindi,1200000,974400,IND,94
Monsoon Shootout,15-12-2017,"crime,thriller",Hindi,270000,43800,IND,88
Tiger Zinda Hai,22-12-2017,"action,drama",Hindi,1200000,321600,IND,36
1921,12-01-2018,Horror,Hindi,1800000,3330300,IND,27
Kaalakaandi,12-01-2018,Dark comedy,Hindi,780000,1019532,IND,30
Mukkabaaz,12-01-2018,Drama,Hindi,720000,477600,IND,20
My Birthday Song,19-01-2018,Psychological Thriller,Hindi,1500000,1570800,IND,96
Vodka Diaries,19-01-2018,Suspense Thriller,Hindi,2400000,4400670,IND,73
Nirdosh,19-01-2018,Thriller,Hindi,2520000,6806280,IND,21
Union Leader,19-01-2018,Drama,Hindi,2280000,1150200,IND,93
Padmaavat,25-01-2018,Period drama,Hindi,360000,23400,IND,42
Pad Man,09-02-2018,Comedy Drama,Hindi,1020000,178800,IND,27
Love Per Square Foot,14-02-2018,Romantic Comedy,Hindi,7680000,12478500,IND,96
Aiyaary,16-02-2018,Drama,Hindi,6120000,14378640,IND,63
Kuchh Bheege Alfaaz,16-02-2018,Romance,Hindi,1800000,3996000,IND,63
Jaane Kyun De Yaaron,16-02-2018,Drama,Hindi,2400000,5939760,IND,45
Sonu Ke Titu Ki Sweety,23-02-2018,Drama,Hindi,10560000,24177660,IND,92
Welcome To New York,23-02-2018,Comedy,Hindi,17400000,42744300,IND,54
Pari,02-03-2018,Thriller,Hindi,4800000,6252000,IND,46
Veerey Ki Wedding,02-03-2018,Drama,Hindi,3840000,5568780,IND,81
Billu Ustaad,02-03-2018,Drama,Hindi,9960000,17375850,IND,65
Hate Story 4,09-03-2018,Erotic thriller,Hindi,240000,228000,IND,87
Dil Juunglee,09-03-2018,Romantic/ Comedy,Hindi,480000,860400,IND,33
3 Storeys,09-03-2018,Thriller,Hindi,720000,26400,IND,72
Note Pe Chot at 8/11,09-03-2018,Satire/ Comedy,Hindi,36000,3000,IND,21
Raid,16-03-2018,"Action, thriller",Hindi,18000,6840,IND,97
Raja Abroadiya,16-03-2018,Comedy,Hindi,1020000,194400,IND,51
Hichki,23-03-2018,Drama,Hindi,84000,25200,IND,59
Pareshaan Parinda,23-03-2018,Thriller,Hindi,24000,2100,IND,55
Baa Baaa Black Sheep,23-03-2018,Comedy,Hindi,180000,20100,IND,93
Shaadi Teri Bajayenge Hum Band,23-03-2018,Comedy,Hindi,60000,26100,IND,28
Baaghi 2,30-03-2018,Action/Romance,Hindi,480000,81600,IND,39
Blackmail,06-04-2018,Comedy thriller,Hindi,510000,22500,IND,27
Missing,06-04-2018,Psychological Thriller,Hindi,18000,6600,IND,41
October,13-04-2018,Slice of lifeRomantic drama,Hindi,30000,4200,IND,54
Mercury,13-04-2018,Thriller,Hindi,12000,4200,IND,30
Zoo,13-04-2018,Drama,Hindi,210000,7200,IND,38
Beyond the Clouds,20-04-2018,Drama,Hindi,240000,2100,IND,50
Nanu Ki Jaanu,20-04-2018,Comedy,Hindi,2160000,529200,IND,40
Daas Dev,27-04-2018,Romantic thriller,Hindi,300000,100800,IND,75
Ishq Tera,27-04-2018,Thriller,Hindi,24000,12300,IND,43
Our Heroes,27-04-2018,Action,Hindi,180000,14400,IND,84
102 Not Out,04-05-2018,Comedy,Hindi,60000,3000,IND,50
Omerta,04-05-2018,Crime Drama,Hindi,1200000,225600,IND,36
Raazi,11-05-2018,Period Thriller,Hindi,72000,7200,IND,62
The Past,11-05-2018,Horror Thriller,Hindi,72000,15000,IND,25
Hope Aur Hum,11-05-2018,Drama,Hindi,480000,36600,IND,20
Falooda,11-05-2018,Comedy,Hindi,420000,41400,IND,43
Bhootwali Love Story,11-05-2018,Horror-Comedy,Hindi,720000,694800,IND,39
High Jack,18-05-2018,Comedy,Hindi,450000,158400,IND,50
Khajoor Pe Atke,18-05-2018,Comedy,Hindi,840000,14400,IND,23
Parmanu: The Story Of Pokhran,25-05-2018,Action/drama,Hindi,1320000,304275,IND,65
One Night Out,25-05-2018,Suspense thriller,Hindi,300000,22800,IND,29
Bioscopewala,25-05-2018,Drama,Hindi,390000,50400,IND,93
Veere Di Wedding,01-06-2018,Romantic comedy,Hindi,24000,3300,IND,93
Bhavesh Joshi Superhero,01-06-2018,Action,Hindi,1440000,1572570,IND,96
Phamous,01-06-2018,Drama/Action,Hindi,2280000,6087960,IND,68
Race 3,15-06-2018,Thriller,Hindi,4080000,15661320,IND,88
Sanju,29-06-2018,Biopic,Hindi,4680000,2427150,IND,82
Soorma,13-07-2018,Biopic,Hindi,3480000,996300,IND,58
When Obama Loved Osama,20-07-2018,Comedy,Hindi,1680000,3675150,IND,96
Dhadak,20-07-2018,Drama,Hindi,2160000,630000,IND,68
Ekta,26-07-2018,Horror/Thriller,Hindi,840000,5132160,IND,46
"Saheb, Biwi Aur Gangster 3",27-07-2018,Drama,Hindi,1140000,2487900,IND,64
Nawabzaade,27-07-2018,Romantic Comedy,Hindi,5040000,1307400,IND,43
Fanney Khan,03-08-2018,Musical comedy,Hindi,2520000,990240,IND,47
Mulk,03-08-2018,Drama,Hindi,18000,1860,IND,61
Brij Mohan Amar Rahe!,03-08-2018,Crime Comedy,Hindi,180000,7800,IND,26
Laxmi and Tikli Bomb,03-08-2018,Drama,Hindi,300000,14400,IND,60
Karwaan,03-08-2018,Comedy,Hindi,330000,26400,IND,44
Gold,15-08-2018,Sports/Drama,Hindi,720000,690000,IND,94
Satyameva Jayate,15-08-2018,Action/Thriller,Hindi,60000,4200,IND,40
Happy Phirr Bhag Jayegi,24-08-2018,Comedy,Hindi,390000,31200,IND,34
Genius,24-08-2018,,Hindi,120000,70800,IND,26
Yamla Pagla Deewana: Phir Se,31-08-2018,Comedy,Hindi,42000,7200,IND,69
Stree,31-08-2018,Horror Comedy,Hindi,780000,1000800,IND,91
Paltan,07-09-2018,Action/War,Hindi,540000,513660,IND,63
Laila Majnu,07-09-2018,Drama/Romance,Hindi,240000,15300,IND,66
Gali Guleiyan,07-09-2018,Psychological drama,Hindi,240000,84000,IND,34
Halkaa,07-09-2018,Drama,Hindi,540000,151200,IND,20
Manmarziyaan,14-09-2018,Romantic/ Drama,Hindi,960000,322800,IND,22
Love Sonia,14-09-2018,Drama,Hindi,2400000,1794000,IND,56
Turning Point,14-09-2018,Action/Drama/Musical,Hindi,330000,34800,IND,73
Bajra vs Burger,14-09-2018,Comedy,Hindi,2160000,309600,IND,40
Kathor,14-09-2018,Drama,Hindi,3240000,710400,IND,42
22 Days,14-09-2018,Drama,Hindi,3960000,315600,IND,62
Mitron,14-09-2018,Comedy,Hindi,180000,3000,IND,40
Batti Gul Meter Chalu,21-09-2018,"Romance, Social Drama",Hindi,240000,9000,IND,85
Manto,21-09-2018,Biographical,Hindi,480000,150000,IND,94
Ishqeria,21-09-2018,Romance,Hindi,84000,16500,IND,60
Sui Dhaaga,28-09-2018,"Romance, Social Drama",Hindi,84000,1920,IND,39
Pataakha,28-09-2018,Drama,Hindi,48000,5700,IND,27
Loveyatri,05-10-2018,Romantic,Hindi,150000,3600,IND,45
Andhadhun,05-10-2018,Romantic thriller,Hindi,540000,36000,IND,23
Jalebi,12-10-2018,Romance,Hindi,930000,16800,IND,73
Helicopter Eela,12-10-2018,Drama,Hindi,210000,105078.6,IND,47
Maal road dilli,12-10-2018,Drama,Hindi,600000,34800,IND,47
FryDay,12-10-2018,Comedy,Hindi,18000,2760,IND,56
Tumbbad,12-10-2018,Suspense Thriller,Hindi,450000,32400,IND,73
Namaste England,18-10-2018,Romantic comedy,Hindi,5520000,12414000,IND,49
Badhaai Ho,18-10-2018,Romantic comedy,Hindi,11280000,19384500,IND,23
Baazaar,26-10-2018,Crime,Hindi,480000,770550,IND,97
5 Weddings,26-10-2018,"Comedy, Romance, Drama",Hindi,6360000,15028170,IND,37
Kaashi in Search of Ganga,26-10-2018,Suspense thriller,Hindi,6720000,14342100,IND,92
Dassehra,26-10-2018,Action Thriller,Hindi,8640000,10132800,IND,96
The Journey of Karma,26-10-2018,Erotic thriller,Hindi,2760000,4470360,IND,27
Lupt,02-11-2018,Horror,Hindi,300000,8700,IND,68
Jack and Dil,02-11-2018,Comedy,Hindi,2040000,3915900,IND,36
Mausam Ikrar Ke Do Pal Pyaar Ke,02-11-2018,Romantic Family Drama,Hindi,6360000,7743510,IND,70
Thugs of Hindostan,08-11-2018,Period action/adventure,Hindi,2280000,4611000,IND,90
Mohalla Assi,16-11-2018,Drama,Hindi,6840000,4560660,IND,95
Pihu,16-11-2018,Thriller,Hindi,3720000,1265940,IND,72
Hotel Milan,16-11-2018,Comedy,Hindi,6000000,5158380,IND,66
Bhaiaji Superhit,23-11-2018,Action/Comedy,Hindi,7680000,10442400,IND,61
Rajma Chawal,30-11-2018,Drama,Hindi,1320000,6867600,IND,92
Kedarnath,07-12-2018,Drama,Hindi,3600000,8297400,IND,55
PK Lele A Salesman,14-12-2018,Adult-comedy,Hindi,7200000,8760600,IND,34
Zero,21-12-2018,Comedy/drama,Hindi,6240000,6465900,IND,71
Simmba,28-12-2018,Action Comedy,Hindi,54000,2400,IND,70
Uri: The Surgical Strike,11-01-2019,Action,Hindi,120000,3000,IND,68
Battalion 609,11-01-2019,Action,Hindi,36000,2100,IND,79
The Accidental Prime Minister,11-01-2019,Biopic,Hindi,30000,900,IND,79
Why Cheat India,18-01-2019,Drama,Hindi,42000,32400,IND,20
Fraud Saiyaan,18-01-2019,Comedy,Hindi,4920000,26312400,IND,95
Soni,18-01-2019,Crime Drama,Hindi,17400000,69274500,IND,82
72 Hours: Martyr Who Never Died,18-01-2019,Biographical Drama,Hindi,25200000,67812240,IND,68
Bombairiya,18-01-2019,Black comedy,Hindi,7320000,22007850,IND,26
Rangeela Raja,18-01-2019,Comedy,Hindi,7560000,7336800,IND,69
The Lift Boy,18-01-2019,Drama/ Coming of Age,Hindi,10080000,29908200,IND,25
Thackeray,25-01-2019,Biographical,Hindi,1800000,5666700,IND,33
Manikarnika: The Queen of Jhansi,25-01-2019,Biographical,Hindi,3360000,12109380,IND,82
Ek Ladki Ko Dekha Toh Aisa Laga,01-02-2019,Romance,Hindi,1320000,603000,IND,72
The Fakir of Venice,08-02-2019,Drama,Hindi,11040000,36997800,IND,21
Amavas,08-02-2019,Horror/Thriller,Hindi,15000000,72479280,IND,55
Gully Boy,14-02-2019,Biopic,Hindi,16200000,24958800,IND,79
Hum Chaar,15-02-2019,Drama,Hindi,5160000,6268800,IND,76
Total Dhamaal,22-02-2019,Comedy,Hindi,6240000,11187600,IND,38
Luka Chuppi,01-03-2019,Romantic comedy,Hindi,4560000,1753650,IND,81
Sonchiriya,01-03-2019,Crime Drama,Hindi,2520000,2778480,IND,28
Badla,08-03-2019,Drama /Thriller,Hindi,3120000,4748940,IND,21
Hamid,15-03-2019,Drama,Hindi,2520000,2473350,IND,89
Photograph,15-03-2019,Drama,Hindi,600000,710025,IND,74
Milan Talkies,15-03-2019,Drama,Hindi,16800000,42216000,IND,65
Mere Pyare Prime Minister,15-03-2019,Social Drama,Hindi,8400000,28126800,IND,96
Kesari,21-03-2019,Drama/historical,Hindi,12240000,22345440,IND,30
Mard Ko Dard Nahi Hota,21-03-2019,Action Comedy,Hindi,21600000,43854900,IND,66
Notebook,29-03-2019,Drama,Hindi,5760000,3746400,IND,97
Junglee,29-03-2019,Action,Hindi,1680000,3337800,IND,23
Romeo Akbar Walter,05-04-2019,Action thriller,Hindi,7560000,4958160,IND,75
Albert Pinto Ko Gussa Kyun Aata Hai?,12-04-2019,Thriller,Hindi,2280000,275400,IND,82
The Tashkent Files,12-04-2019,Thriller,Hindi,420000,5700,IND,89
Kalank,17-04-2019,Period drama / thriller,Hindi,150000,840,IND,92
Blank,03-05-2019,Action Thriller,Hindi,450000,26700,IND,66
Setters,03-05-2019,Thriller,Hindi,78000,840,IND,71
Student of the Year 2,10-05-2019,Romantic comedy,Hindi,4080000,1545510,IND,65
De De Pyaar De,17-05-2019,Romantic comedy,Hindi,150000,55200,IND,29
India's Most Wanted,24-05-2019,Thriller,Hindi,360000,48000,IND,21
PM Narendra Modi,24-05-2019,Biopic,Hindi,240000,58800,IND,45
Bharat,05-06-2019,Drama,Hindi,24000,8700,IND,25
Khamoshi,14-06-2019,Horror,Hindi,960000,85200,IND,83
Kabir Singh,21-06-2019,Drama,Hindi,180000,63030,IND,62
Article 15,28-06-2019,Drama/ Thriller,Hindi,90000,89601,IND,51
Malaal,05-07-2019,Romance,Hindi,78000,27300,IND,50
One Day: Justice Delivered,05-07-2019,Action Thriller,Hindi,24000,432,IND,76
Hume Tumse Pyaar Kitna,05-07-2019,Romantic thriller,Hindi,1680000,1083600,IND,31
Super 30,12-07-2019,Biopic,Hindi,42000,840,IND,69
Family of Thakurganj,19-07-2019,Family Drama,Hindi,300000,12300,IND,65
Jhootha Kahin Ka,19-07-2019,Comedy,Hindi,150000,15900,IND,86
Judgementall Hai Kya,26-07-2019,"Thriller, Comedy",Hindi,2640000,454200,IND,38
Arjun Patiala,26-07-2019,Romantic Comedy,Hindi,840000,769200,IND,80
Khandaani Shafakhana,02-08-2019,Comedy,Hindi,2760000,380400,IND,21
Jabariya Jodi,09-08-2019,Romantic Comedy,Hindi,4320000,2671440,IND,54
Chicken Curry Law,09-08-2019,Drama,Hindi,2640000,4660440,IND,38
Pranaam,09-08-2019,Action,Hindi,1320000,391590,IND,66
Batla House,15-08-2019,Action,Hindi,3480000,8465400,IND,31
Mission Mangal,15-08-2019,Drama,Hindi,3600000,2433600,IND,83
Saaho,30-08-2019,Action,Hindi,1140000,1284150,IND,96
Chhichhore,06-09-2019,Comedy-Drama,Hindi,3600000,1073100,IND,97
Dream Girl,13-09-2019,Comedy,Hindi,3720000,1845300,IND,52
Section 375,13-09-2019,crime thriller,Hindi,3000000,1389600,IND,37
The Zoya Factor,20-09-2019,Drama,Hindi,2280000,15144000,IND,93
Pal Pal Dil Ke Paas,20-09-2019,Drama/Romance,Hindi,3840000,2286600,IND,33
Prassthanam,20-09-2019,Drama,Hindi,1560000,115200,IND,39
Jhalki,27-09-2019,Drama,Hindi,1560000,2121630,IND,90
War,02-10-2019,"Action, Thriller",Hindi,2040000,978900,IND,87
The Sky Is Pink,11-10-2019,Biopic,Hindi,4440000,4029600,IND,62
Lootcase,11-10-2019,Comedy Drama,Hindi,210000,3600,IND,72
P Se Pyaar F Se Faraar,18-10-2019,Drama,Hindi,300000,193320,IND,30
Ghost,18-10-2019,Horror Thriller,Hindi,18000,960,IND,86
Laal Kaptaan,18-10-2019,Action,Hindi,120000,14100,IND,32
Yaaram,18-10-2019,Romantic drama,Hindi,600000,99600,IND,95
Housefull 4,25-10-2019,Comedy,Hindi,570000,133200,IND,98
Saand Ki Aankh,25-10-2019,Biopic,Hindi,18000,780,IND,67
Made In China,25-10-2019,Comedy,Hindi,240000,27300,IND,23
Bypass Road,01-11-2019,Horror Thriller,Hindi,18000,1800,IND,44
Marjaavaan,08-11-2019,Action/Romance,Hindi,60000,44400,IND,93
Shikara - A Love Letter from Kashmir,08-11-2019,Historical/Romance,Hindi,1200000,414000,IND,46
Bala,15-11-2019,Black Comedy,Hindi,18000,10500,IND,68
Pagalpanti,22-11-2019,Comedy,Hindi,30000,25200,IND,71
Dil Bechara,29-11-2019,Romantic drama,Hindi,30000,43200,IND,23
Jawaani Jaaneman,29-11-2019,Romantic drama,Hindi,18000,18300,IND,53
Panipat,06-12-2019,Action/battle,Hindi,24000,21300,IND,90
"Pati, Patni Aur Woh",06-12-2019,Comedy,Hindi,30000,25800,IND,83
Mardaani 2,13-12-2019,Crime Thriller,Hindi,18000,12900,IND,89
Dabangg 3,20-12-2019,Action,Hindi,36000,26400,IND,83
Good News,27-12-2019,Comedy,Hindi,12000,13200,IND,89
